,case,cc3,total,country,year,systemic_crisis,exch_usd,domestic_debt_in_default,sovereign_external_debt_default,gdp_weighted_default,inflation_annual_cpi,independence,currency_crises,inflation_crises,banking_crisis
0,1,DZA,4.493719696,Algeria,1870,1,0.052264,0,0,0.0,3.4414556960000002,0,0,0,crisis
1,1,DZA,14.20193758,Algeria,1871,0,0.052798000000000005,0,0,0.0,14.14913958,0,0,0,no_crisis
2,1,DZA,-3.666318965,Algeria,1872,0,0.052274,0,0,0.0,-3.718592965,0,0,0,no_crisis
3,1,DZA,11.25557701,Algeria,1873,0,0.05168,0,0,0.0,11.20389701,0,0,0,no_crisis
4,1,DZA,-3.797252701,Algeria,1874,0,0.051308000000000006,0,0,0.0,-3.8485607010000003,0,0,0,no_crisis
5,1,DZA,-20.872632330000002,Algeria,1875,0,0.051546,0,0,0.0,-20.92417833,0,0,0,no_crisis
6,1,DZA,-1.717680325,Algeria,1876,0,0.051866999999999996,0,0,0.0,-1.769547325,0,0,0,no_crisis
7,1,DZA,29.16791225,Algeria,1877,0,0.051866999999999996,0,0,0.0,29.11604525,0,0,1,no_crisis
8,1,DZA,-1.440589313,Algeria,1878,0,0.051948,0,0,0.0,-1.4925373130000001,0,0,0,no_crisis
9,1,DZA,-16.77932805,Algeria,1879,0,0.052029,0,0,0.0,-16.83135705,0,0,0,no_crisis
10,1,DZA,3.933544119,Algeria,1880,0,0.05235599999999999,0,0,0.0,3.881188119,0,0,0,no_crisis
11,1,DZA,12.671167389999999,Algeria,1881,0,0.052029,0,0,0.0,12.61913839,0,0,0,no_crisis
12,1,DZA,-12.30536629,Algeria,1882,0,0.050761,0,0,0.0,-12.35612729,0,0,0,no_crisis
13,1,DZA,-1.3384962619999998,Algeria,1883,0,0.052002,0,0,0.0,-1.390498262,0,0,0,no_crisis
14,1,DZA,-15.88986399,Algeria,1884,0,0.052164999999999996,0,0,0.0,-15.94202899,0,0,0,no_crisis
15,1,DZA,10.205127561000001,Algeria,1939,0,0.44903000000000004,0,0,0.0,9.756097561,0,0,0,no_crisis
16,1,DZA,22.71411222,Algeria,1940,0,0.49188999999999994,0,0,0.0,22.22222222,0,0,1,no_crisis
17,1,DZA,16.81300636,Algeria,1941,0,0.44937,0,0,0.0,16.36363636,0,0,0,no_crisis
18,1,DZA,28.875,Algeria,1942,0,0.75,0,0,0.0,28.125,0,0,1,no_crisis
19,1,DZA,46.84146341,Algeria,1943,0,0.5,0,0,0.0,46.34146341,0,1,1,no_crisis
20,1,DZA,42.16666667,Algeria,1944,0,0.5,0,0,0.0,41.66666667,0,1,1,no_crisis
21,1,DZA,30.60276471,Algeria,1945,0,1.1909999999999998,0,0,0.0,29.41176471,0,0,1,no_crisis
22,1,DZA,19.37281818,Algeria,1946,0,1.1909999999999998,0,0,0.0,18.18181818,0,0,0,no_crisis
23,1,DZA,70.42376923,Algeria,1947,0,1.193,0,0,0.0,69.23076923,0,0,1,no_crisis
24,1,DZA,66.29836364,Algeria,1948,0,2.662,0,0,0.0,63.63636364,0,0,1,no_crisis
25,1,DZA,27.101111109999998,Algeria,1949,0,3.49,0,0,0.0,23.61111111,0,0,1,no_crisis
26,1,DZA,3.4989999999999997,Algeria,1950,0,3.4989999999999997,0,0,0.0,0.0,0,0,0,no_crisis
27,1,DZA,10.241573034,Algeria,1951,0,3.5,0,0,0.0,6.741573034,0,0,0,no_crisis
28,1,DZA,9.815789473999999,Algeria,1952,0,3.5,0,0,0.0,6.315789474,0,0,0,no_crisis
29,1,DZA,2.50990099,Algeria,1953,0,3.5,0,0,0.0,-0.99009901,0,0,0,no_crisis
30,1,DZA,4.5,Algeria,1954,0,3.5,0,0,0.0,1.0,0,0,0,no_crisis
31,1,DZA,3.5,Algeria,1955,0,3.5,0,0,0.0,0.0,0,0,0,no_crisis
32,1,DZA,5.48019802,Algeria,1956,0,3.5,0,0,0.0,1.98019802,0,0,0,no_crisis
33,1,DZA,7.111621358999999,Algeria,1957,0,4.199,0,0,0.0,2.9126213589999996,0,0,0,no_crisis
34,1,DZA,17.17015094,Algeria,1958,0,4.906000000000001,0,0,0.0,12.26415094,0,0,0,no_crisis
35,1,DZA,14.152697479,Algeria,1959,0,4.909,0,0,0.0,9.243697479,0,0,0,no_crisis
36,1,DZA,10.321675384999999,Algeria,1960,0,4.93706,0,0,0.0,5.384615385,0,1,0,no_crisis
37,1,DZA,7.8567680289999995,Algeria,1961,0,4.93706,0,0,0.0,2.9197080289999997,0,0,0,no_crisis
38,1,DZA,11.537047838,Algeria,1968,0,4.93706,0,0,0.0,6.599987838,1,0,0,no_crisis
39,1,DZA,7.563691862,Algeria,1969,0,4.93706,0,0,0.0,2.626631862,1,0,0,no_crisis
40,1,DZA,8.593380974999999,Algeria,1970,0,4.93706,0,0,0.0,3.656320975,1,0,0,no_crisis
41,1,DZA,10.816816266,Algeria,1971,0,4.644,0,0,0.0,6.172816266,1,0,0,no_crisis
42,1,DZA,9.290228715000001,Algeria,1972,0,4.556,0,0,0.0,4.734228715,1,0,0,no_crisis
43,1,DZA,13.146134755999999,Algeria,1973,0,4.185,0,0,0.0,8.961134756,1,0,0,no_crisis
44,1,DZA,12.87617187,Algeria,1974,0,3.997,0,0,0.0,8.87917187,1,0,0,no_crisis
45,1,DZA,16.22393382,Algeria,1975,0,4.125,0,0,0.0,12.09893382,1,0,0,no_crisis
46,1,DZA,21.532519139999998,Algeria,1976,0,4.359,0,0,0.0,17.17351914,1,0,0,no_crisis
47,1,DZA,15.48537883,Algeria,1977,0,4.035,0,0,0.0,11.45037883,1,0,0,no_crisis
48,1,DZA,13.502992611,Algeria,1978,0,3.8345,0,0,0.0,9.668492611,1,0,0,no_crisis
49,1,DZA,18.36507788,Algeria,1979,0,3.7555,0,0,0.0,14.60957788,1,0,0,no_crisis
50,1,DZA,13.639499999999998,Algeria,1980,0,3.9715,0,0,0.0,9.668,1,0,0,no_crisis
51,1,DZA,18.988,Algeria,1981,0,4.378,0,0,0.0,14.61,1,0,0,no_crisis
52,1,DZA,11.2285,Algeria,1982,0,4.6355,0,0,0.0,6.593,1,0,0,no_crisis
53,1,DZA,12.7515,Algeria,1983,0,4.9165,0,0,0.0,7.835,1,0,0,no_crisis
54,1,DZA,11.4327,Algeria,1984,0,5.1227,0,0,0.0,6.31,1,0,0,no_crisis
55,1,DZA,15.2048,Algeria,1985,0,4.7728,0,0,0.0,10.432,1,0,0,no_crisis
56,1,DZA,18.8305,Algeria,1986,0,4.8235,0,0,0.0,14.007,1,0,0,no_crisis
57,1,DZA,10.7933,Algeria,1987,0,4.9363,0,0,0.0,5.857,1,0,0,no_crisis
58,1,DZA,12.668800000000001,Algeria,1988,0,6.7308,0,0,0.0,5.938,1,1,0,no_crisis
59,1,DZA,17.2044,Algeria,1989,0,8.0324,0,0,0.0,9.172,1,1,0,no_crisis
60,1,DZA,22.4628,Algeria,1990,1,12.1908,0,0,0.0,9.272,1,1,0,crisis
61,1,DZA,49.5219,Algeria,1991,1,21.3919,0,1,0.23,25.9,1,1,1,crisis
62,1,DZA,56.7114,Algeria,1992,1,22.7814,0,1,0.23,31.7,1,0,1,crisis
63,1,DZA,45.853,Algeria,1993,0,24.123,0,1,0.23,20.5,1,0,1,no_crisis
64,1,DZA,73.1225,Algeria,1994,0,42.8925,0,1,0.23,29.0,1,1,1,no_crisis
65,1,DZA,83.205,Algeria,1995,0,52.175,0,1,0.23,29.8,1,1,1,no_crisis
66,1,DZA,76.1159,Algeria,1996,0,56.1859,0,1,0.23,18.7,1,0,0,no_crisis
67,1,DZA,64.1139,Algeria,1997,0,58.4139,0,0,0.0,5.7,1,0,0,no_crisis
68,1,DZA,65.3031,Algeria,1998,0,60.3531,0,0,0.0,4.95,1,0,0,no_crisis
69,1,DZA,71.9143,Algeria,1999,0,69.3143,0,0,0.0,2.6,1,0,0,no_crisis
70,1,DZA,75.6428,Algeria,2000,0,75.3428,0,0,0.0,0.3,1,0,0,no_crisis
71,1,DZA,82.0196,Algeria,2001,0,77.8196,0,0,0.0,4.2,1,0,0,no_crisis
72,1,DZA,81.1534,Algeria,2002,0,79.7234,0,0,0.0,1.43,1,0,0,no_crisis
73,1,DZA,76.8718,Algeria,2003,0,72.6128,0,0,0.0,4.2589999999999995,1,0,0,no_crisis
74,1,DZA,76.58569999999999,Algeria,2004,0,72.6137,0,0,0.0,3.972,1,0,0,no_crisis
75,1,DZA,74.76190000000001,Algeria,2005,0,73.3799,0,0,0.0,1.382,1,0,0,no_crisis
76,1,DZA,73.47319999999999,Algeria,2006,0,71.1582,0,0,0.0,2.315,1,0,0,no_crisis
77,1,DZA,70.5039,Algeria,2007,0,66.8299,0,0,0.0,3.674,1,0,0,no_crisis
78,1,DZA,76.0376,Algeria,2008,0,71.1826,0,0,0.0,4.855,1,0,0,no_crisis
79,1,DZA,78.4739,Algeria,2009,0,72.7309,0,0,0.0,5.742999999999999,1,0,0,no_crisis
80,1,DZA,78.8567,Algeria,2010,0,74.9437,0,0,0.0,3.9130000000000003,1,0,0,no_crisis
81,1,DZA,80.5783,Algeria,2011,0,76.0563,0,0,0.0,4.522,1,0,0,no_crisis
82,1,DZA,87.0185,Algeria,2012,0,78.1025,0,0,0.0,8.916,1,0,0,no_crisis
83,1,DZA,81.40370129999998,Algeria,2013,0,78.14870129999998,0,0,0.0,3.255,1,0,0,no_crisis
84,1,DZA,90.8876983,Algeria,2014,0,87.9706983,0,0,0.0,2.917,1,0,0,no_crisis
85,2,AGO,29.6296296425,Angola,1921,0,1.25e-08,0,0,0.0,29.62962963,0,0,1,no_crisis
86,2,AGO,45.714285732099995,Angola,1922,0,2.21e-08,0,0,0.0,45.71428571,0,0,1,no_crisis
87,2,AGO,68.62745100810001,Angola,1923,0,2.81e-08,0,0,0.0,68.62745098,0,0,1,no_crisis
88,2,AGO,126.74418602080002,Angola,1924,0,2.08e-08,0,0,0.0,126.74418600000001,0,0,1,no_crisis
89,2,AGO,-27.1794871605,Angola,1925,0,1.95e-08,0,0,0.0,-27.17948718,0,0,0,no_crisis
90,2,AGO,-7.0422535015,Angola,1926,0,1.95e-08,0,0,0.0,-7.042253521,0,0,0,no_crisis
91,2,AGO,-17.424242399799997,Angola,1927,0,2.02e-08,0,0,0.0,-17.42424242,0,0,0,no_crisis
92,2,AGO,-9.1743119043,Angola,1928,0,2.27e-08,0,0,0.0,-9.174311927,0,0,0,no_crisis
93,2,AGO,-5.0505050288,Angola,1929,0,2.2200000000000004e-08,0,0,0.0,-5.050505051,0,0,0,no_crisis
94,2,AGO,-5.3191489137,Angola,1930,0,2.23e-08,0,0,0.0,-5.319148936,0,0,0,no_crisis
95,2,AGO,3.1e-08,Angola,1931,0,3.1e-08,0,0,0.0,0.0,0,0,0,no_crisis
96,2,AGO,-2.2471909779,Angola,1932,0,3.31e-08,0,0,0.0,-2.247191011,0,0,0,no_crisis
97,2,AGO,2.2988505963,Angola,1933,0,2.13e-08,0,0,0.0,2.298850575,0,0,0,no_crisis
98,2,AGO,3.3707865392,Angola,1934,0,2.2200000000000004e-08,0,0,0.0,3.370786517,0,0,0,no_crisis
99,2,AGO,5.4347826313,Angola,1935,0,2.23e-08,0,0,0.0,5.434782609,0,0,0,no_crisis
100,2,AGO,-1.0309278124999999,Angola,1936,0,2.25e-08,0,0,0.0,-1.030927835,0,0,0,no_crisis
101,2,AGO,2.0833333551,Angola,1937,0,2.21e-08,0,0,0.0,2.083333333,0,0,0,no_crisis
102,2,AGO,2.0408163506,Angola,1938,0,2.36e-08,0,0,0.0,2.040816327,0,0,0,no_crisis
103,2,AGO,1.0000000277,Angola,1939,0,2.77e-08,0,0,0.0,1.0,0,0,0,no_crisis
104,2,AGO,13.8613861651,Angola,1940,0,2.5099999999999996e-08,0,0,0.0,13.86138614,0,0,0,no_crisis
105,2,AGO,16.521739155,Angola,1941,0,2.5e-08,0,0,0.0,16.52173913,0,0,0,no_crisis
106,2,AGO,17.910447785,Angola,1942,0,2.5e-08,0,0,0.0,17.91044776,0,0,0,no_crisis
107,2,AGO,13.924050655,Angola,1943,0,2.5e-08,0,0,0.0,13.92405063,0,0,0,no_crisis
108,2,AGO,7.777777803,Angola,1944,0,2.5e-08,0,0,0.0,7.777777778,0,0,0,no_crisis
109,2,AGO,5.1546392,Angola,1945,0,2.5e-08,0,0,0.0,5.154639175,0,0,0,no_crisis
110,2,AGO,4.9019608103,Angola,1946,0,2.63e-08,0,0,0.0,4.901960784,0,0,0,no_crisis
111,2,AGO,13.551401895,Angola,1947,0,2.5e-08,0,0,0.0,13.55140187,0,0,0,no_crisis
112,2,AGO,-16.872427954200003,Angola,1948,0,2.58e-08,0,0,0.0,-16.87242798,0,0,0,no_crisis
113,2,AGO,-0.9900989814,Angola,1949,0,2.8599999999999998e-08,0,0,0.0,-0.99009901,0,0,0,no_crisis
114,2,AGO,4.0000000291,Angola,1950,0,2.9100000000000002e-08,0,0,0.0,4.0,0,0,0,no_crisis
115,2,AGO,-7.692307662900001,Angola,1951,0,2.9100000000000002e-08,0,0,0.0,-7.692307692000001,0,0,0,no_crisis
116,2,AGO,3.125000029,Angola,1952,0,2.8999999999999998e-08,0,0,0.0,3.125,0,0,0,no_crisis
117,2,AGO,2.8999999999999998e-08,Angola,1953,0,2.8999999999999998e-08,0,0,0.0,0.0,0,0,0,no_crisis
118,2,AGO,-4.040404011200001,Angola,1954,0,2.88e-08,0,0,0.0,-4.04040404,0,0,0,no_crisis
119,2,AGO,2.88e-08,Angola,1955,0,2.88e-08,0,0,0.0,0.0,0,0,0,no_crisis
120,2,AGO,3.1578947658,Angola,1956,0,2.88e-08,0,0,0.0,3.157894737,0,0,0,no_crisis
121,2,AGO,1.0204081917999999,Angola,1957,0,2.88e-08,0,0,0.0,1.020408163,0,0,0,no_crisis
122,2,AGO,2.0202020488000003,Angola,1958,0,2.88e-08,0,0,0.0,2.02020202,0,0,0,no_crisis
123,2,AGO,2.89e-08,Angola,1959,0,2.89e-08,0,0,0.0,0.0,0,1,0,no_crisis
124,2,AGO,-0.9900989812,Angola,1960,0,2.88e-08,0,0,0.0,-0.99009901,0,0,0,no_crisis
125,2,AGO,2.0000000288,Angola,1961,0,2.88e-08,0,0,0.0,2.0,0,0,0,no_crisis
126,2,AGO,5.8823529699,Angola,1962,0,2.89e-08,0,0,0.0,5.882352941000001,0,0,0,no_crisis
127,2,AGO,7.9654340498,Angola,1970,0,2.88e-08,0,0,0.0,7.965434021,0,1,0,no_crisis
128,2,AGO,5.777758626599999,Angola,1971,0,2.76e-08,0,0,0.0,5.777758598999999,0,0,0,no_crisis
129,2,AGO,15.798274577,Angola,1972,0,2.7e-08,0,0,0.0,15.79827455,0,1,0,no_crisis
130,2,AGO,15.6748501758,Angola,1973,0,2.58e-08,0,0,0.0,15.67485015,0,1,0,no_crisis
131,2,AGO,27.4152599146,Angola,1974,0,2.46e-08,0,0,0.0,27.41525989,0,0,1,no_crisis
132,2,AGO,29.0004349175,Angola,1975,0,2.75e-08,0,0,0.0,29.00043489,1,0,1,no_crisis
133,2,AGO,81.6999044799,Angola,1976,0,2.99e-08,1,0,0.0,80.69990445,1,0,1,no_crisis
134,2,AGO,69.00935081989999,Angola,1977,0,2.99e-08,0,0,0.0,69.00935079,1,0,1,no_crisis
135,2,AGO,48.461068699900004,Angola,1978,0,2.99e-08,0,0,0.0,48.46106867,1,0,1,no_crisis
136,2,AGO,101.3013176299,Angola,1979,0,2.99e-08,0,0,0.0,101.3013176,1,0,1,no_crisis
137,2,AGO,46.707554649900004,Angola,1980,0,2.99e-08,0,0,0.0,46.70755462,1,0,1,no_crisis
138,2,AGO,86.26500018,Angola,1991,0,1.8e-07,0,1,0.0,85.265,1,1,1,no_crisis
139,2,AGO,301.09700054999996,Angola,1992,0,5.5e-07,1,1,0.0,299.097,1,1,1,crisis
140,2,AGO,1381.4760065,Angola,1993,0,6.5000000000000004e-06,1,1,0.0,1379.476,1,1,1,crisis
141,2,AGO,951.7715092620001,Angola,1994,0,0.000509262,1,1,0.0,949.7710000000001,1,1,1,crisis
142,2,AGO,2674.235692,Angola,1995,0,0.005692,1,1,0.0,2672.23,1,2,1,crisis
143,2,AGO,4148.211994,Angola,1996,0,0.201994,1,1,0.0,4146.01,1,1,1,crisis
144,2,AGO,223.754376,Angola,1997,0,0.262376,1,1,0.0,221.49200000000002,1,1,1,crisis
145,2,AGO,110.1255,Angola,1998,0,0.6965,1,1,0.0,107.429,1,1,1,crisis
146,2,AGO,255.82791999999998,Angola,1999,0,5.5799199999999995,1,1,0.0,248.248,1,2,1,no_crisis
147,2,AGO,343.84684,Angola,2000,0,16.81784,1,1,0.0,325.029,1,1,1,no_crisis
148,2,AGO,186.53536000000003,Angola,2001,0,31.94936,1,1,0.0,152.586,1,1,1,no_crisis
149,2,AGO,169.55936999999997,Angola,2002,0,58.66636999999999,1,1,0.0,108.89299999999999,1,1,1,no_crisis
150,2,AGO,178.42349000000002,Angola,2003,0,79.08149,0,1,0.0,98.34200000000001,1,1,1,no_crisis
151,2,AGO,129.54679,Angola,2004,0,85.98779,0,0,0.0,43.559,1,1,1,no_crisis
152,2,AGO,103.74051,Angola,2005,0,80.77951,0,0,0.0,22.961,1,1,1,no_crisis
153,2,AGO,93.56942000000001,Angola,2006,0,80.26442,0,0,0.0,13.305,1,0,0,no_crisis
154,2,AGO,87.27199999999999,Angola,2007,0,75.023,0,0,0.0,12.249,1,0,0,no_crisis
155,2,AGO,87.634,Angola,2008,0,75.169,0,0,0.0,12.465,1,0,0,no_crisis
156,2,AGO,103.119,Angola,2009,0,89.398,0,0,0.0,13.720999999999998,1,1,0,no_crisis
157,2,AGO,107.12299999999999,Angola,2010,0,92.64299999999999,0,0,0.0,14.48,1,0,0,no_crisis
158,2,AGO,108.756,Angola,2011,0,95.272,0,0,0.0,13.484000000000002,1,0,0,no_crisis
159,2,AGO,106.11088520999999,Angola,2012,0,95.82588521,0,0,0.0,10.285,1,0,0,no_crisis
160,2,AGO,106.342,Angola,2013,0,97.56,0,0,0.0,8.782,1,0,0,no_crisis
161,2,AGO,108.786,Angola,2014,0,101.49,0,0,0.0,7.296,1,0,0,no_crisis
162,10,CAF,216.76803331800002,Central African Republic,1957,0,209.94985150000002,0,0,0.0,6.818181817999999,0,0,0,no_crisis
163,10,CAF,258.06578395,Central African Republic,1958,0,245.29982650000002,0,0,0.0,12.76595745,0,0,0,no_crisis
164,10,CAF,249.223411306,Central African Republic,1959,0,245.4498264,0,0,0.0,3.7735849060000004,0,1,0,no_crisis
165,10,CAF,256.03891751,Central African Republic,1960,0,245.12982659999997,0,0,0.0,10.90909091,1,0,0,no_crisis
166,10,CAF,251.622203749,Central African Republic,1961,0,245.0648267,0,0,0.0,6.557377048999999,1,0,0,no_crisis
167,10,CAF,252.697134392,Central African Republic,1962,0,245.0048267,0,0,0.0,7.692307692000001,1,0,0,no_crisis
168,10,CAF,248.81411231399997,Central African Republic,1963,0,245.09982659999997,0,0,0.0,3.714285714,1,0,0,no_crisis
169,10,CAF,255.05992312,Central African Republic,1964,0,245.0048267,0,0,0.0,10.05509642,1,0,0,no_crisis
170,10,CAF,254.46156001699998,Central African Republic,1965,0,245.0748266,0,0,0.0,9.386733417,1,0,0,no_crisis
171,10,CAF,250.335820323,Central African Republic,1966,0,247.5898249,0,0,0.0,2.745995423,1,0,0,no_crisis
172,10,CAF,247.317922168,Central African Republic,1967,0,245.4248264,0,0,0.0,1.893095768,1,0,0,no_crisis
173,10,CAF,252.21356816899998,Central African Republic,1968,0,247.404825,0,0,0.0,4.8087431689999995,1,0,0,no_crisis
174,10,CAF,278.436179834,Central African Republic,1969,0,277.9148034,0,0,0.0,0.521376434,1,0,0,no_crisis
175,10,CAF,279.75924463399997,Central African Republic,1970,0,276.02480479999997,0,0,0.0,3.734439834,1,0,0,no_crisis
176,10,CAF,288.92434571999996,Central African Republic,1971,0,261.22481519999997,0,0,0.0,27.69953052,1,0,1,no_crisis
177,10,CAF,247.22628948800005,Central African Republic,1972,0,256.04981890000005,0,0,0.0,-8.823529412000001,1,0,0,no_crisis
178,10,CAF,241.06999479,Central African Republic,1973,0,235.4248335,0,0,0.0,5.64516129,1,0,0,no_crisis
179,10,CAF,231.76682753300003,Central African Republic,1974,0,222.22484280000003,0,0,0.0,9.541984733,1,0,0,no_crisis
180,10,CAF,240.30271586000003,Central African Republic,1975,0,224.27484130000002,0,0,0.0,16.02787456,1,0,0,no_crisis
181,10,CAF,259.99783471,Central African Republic,1976,1,248.48732420000002,0,0,0.0,10.51051051,1,0,0,crisis
182,10,CAF,247.39113785,Central African Republic,1977,1,235.2498335,0,0,0.0,11.14130435,1,0,0,crisis
183,10,CAF,221.49129464,Central African Republic,1978,1,208.9998521,0,0,0.0,11.49144254,1,0,0,crisis
184,10,CAF,211.21038411600003,Central African Republic,1979,1,200.99985780000003,0,0,0.0,9.210526316000001,1,0,0,crisis
185,10,CAF,240.0998402,Central African Republic,1980,1,225.79984019999998,0,0,0.0,13.3,1,0,0,crisis
186,10,CAF,304.0597967,Central African Republic,1981,1,287.39979669999997,0,1,0.0,14.66,1,0,0,crisis
187,10,CAF,350.49276210000005,Central African Republic,1982,1,336.24976210000005,0,0,0.0,13.243,1,0,0,crisis
188,10,CAF,432.9327047,Central African Republic,1983,0,417.3747047,0,1,0.0,14.558,1,0,0,no_crisis
189,10,CAF,483.20366069999994,Central African Republic,1984,0,479.59966069999996,0,1,0.0,2.6039999999999996,1,0,0,no_crisis
190,10,CAF,389.5067326,Central African Republic,1985,0,378.0497326,0,1,0.0,10.457,1,0,0,no_crisis
191,10,CAF,326.1607717,Central African Republic,1986,0,322.7497717,0,1,0.0,2.411,1,0,0,no_crisis
192,10,CAF,261.0138111,Central African Republic,1987,0,266.9998111,0,1,0.0,-6.986000000000001,1,0,0,no_crisis
193,10,CAF,301.0157857,Central African Republic,1988,1,302.9497857,0,1,0.0,-3.9339999999999997,1,0,0,crisis
194,10,CAF,292.0447953,Central African Republic,1989,1,289.3997953,0,1,0.0,0.645,1,0,0,crisis
195,10,CAF,258.2468186,Central African Republic,1990,1,256.44981859999996,0,1,0.0,-0.203,1,0,0,crisis
196,10,CAF,258.1518168,Central African Republic,1991,1,258.9998168,0,1,0.0,-2.8480000000000003,1,0,0,crisis
197,10,CAF,276.56780519999995,Central African Republic,1992,1,275.32480519999996,0,1,0.0,-0.757,1,0,0,crisis
198,10,CAF,293.8657915,Central African Republic,1993,1,294.7747915,0,1,0.0,-2.909,1,0,0,crisis
199,10,CAF,561.1496218,Central African Republic,1994,1,534.5996218,0,1,0.0,24.55,1,1,1,crisis
200,10,CAF,511.1996534,Central African Republic,1995,1,489.9996534,0,1,0.0,19.2,1,0,0,crisis
201,10,CAF,529.4226295999999,Central African Republic,1996,1,523.6996296,0,1,0.0,3.7230000000000003,1,0,0,crisis
202,10,CAF,602.4065764,Central African Republic,1997,1,598.8095764,0,1,0.0,1.597,1,0,0,crisis
203,10,CAF,562.3386022999999,Central African Republic,1998,1,562.2096022999999,0,1,0.0,-1.871,1,0,0,crisis
204,10,CAF,653.5384143,Central African Republic,1999,1,652.9534143,0,1,0.0,-1.415,1,0,0,crisis
205,10,CAF,709.1531016,Central African Republic,2000,0,704.9511016,0,1,0.0,3.202,1,0,0,no_crisis
206,10,CAF,749.1491387,Central African Republic,2001,0,744.3061387,0,1,0.0,3.843,1,0,0,no_crisis
207,10,CAF,628.7933752,Central African Republic,2002,0,625.4953752,0,1,0.0,2.298,1,0,0,no_crisis
208,10,CAF,524.7172122,Central African Republic,2003,0,519.3642122,0,1,0.0,4.353,1,0,0,no_crisis
209,10,CAF,480.33371089999997,Central African Republic,2004,0,481.5777109,0,1,0.0,-2.244,1,0,0,no_crisis
210,10,CAF,559.9221281,Central African Republic,2005,0,556.0371281,0,1,0.0,2.885,1,0,0,no_crisis
211,10,CAF,505.7630964,Central African Republic,2006,0,498.0690964,0,1,0.0,6.694,1,0,0,no_crisis
212,10,CAF,447.5276907,Central African Republic,2007,0,445.5926907,0,1,0.0,0.935,1,0,0,no_crisis
213,10,CAF,481.59705779999996,Central African Republic,2008,0,471.33505779999996,0,1,0.0,9.262,1,0,0,no_crisis
214,10,CAF,459.8579711,Central African Republic,2009,0,455.3359711,0,1,0.0,3.522,1,0,0,no_crisis
215,10,CAF,493.4032886,Central African Republic,2010,0,490.9122886,0,1,0.0,1.4909999999999999,1,0,0,no_crisis
216,10,CAF,509.15612530000004,Central African Republic,2011,0,506.96112530000005,0,1,0.0,1.195,1,0,0,no_crisis
217,10,CAF,504.0371044,Central African Republic,2012,0,497.16310439999995,0,1,0.0,5.874,1,0,0,no_crisis
218,10,CAF,483.19336030000005,Central African Republic,2013,0,475.64136030000003,0,1,0.0,6.5520000000000005,1,0,0,no_crisis
219,10,CAF,552.8665137999999,Central African Republic,2014,0,540.2825138,0,1,0.0,11.584000000000001,1,0,0,no_crisis
220,15,CIV,16.21609969,Ivory Coast,1952,0,0.0,0,0,0.0,16.21609969,0,0,0,no_crisis
221,15,CIV,2.326185353,Ivory Coast,1953,0,0.0,0,0,0.0,2.326185353,0,0,0,no_crisis
222,15,CIV,-2.273304086,Ivory Coast,1954,0,0.0,0,0,0.0,-2.273304086,0,0,0,no_crisis
223,15,CIV,2.326185353,Ivory Coast,1955,0,0.0,0,0,0.0,2.326185353,0,0,0,no_crisis
224,15,CIV,4.54479533,Ivory Coast,1956,0,0.0,0,0,0.0,4.54479533,0,0,0,no_crisis
225,15,CIV,13.04340287,Ivory Coast,1957,0,0.0,0,0,0.0,13.04340287,0,0,0,no_crisis
226,15,CIV,21.15476063,Ivory Coast,1958,0,0.0,0,0,0.0,21.15476063,0,0,1,no_crisis
227,15,CIV,6.348281887000001,Ivory Coast,1959,0,0.0,0,0,0.0,6.348281887000001,0,0,0,no_crisis
228,15,CIV,-2.152483452,Ivory Coast,1960,0,0.0,0,0,0.0,-2.152483452,1,0,0,no_crisis
229,15,CIV,14.43033046,Ivory Coast,1961,0,0.0,0,0,0.0,14.43033046,1,0,0,no_crisis
230,15,CIV,-0.177568901,Ivory Coast,1962,0,0.0,0,0,0.0,-0.177568901,1,0,0,no_crisis
231,15,CIV,8.719549217,Ivory Coast,1963,0,0.0,0,0,0.0,8.719549217,1,0,0,no_crisis
232,15,CIV,-3.1690449469999997,Ivory Coast,1964,0,0.0,0,0,0.0,-3.1690449469999997,1,0,0,no_crisis
233,15,CIV,1.757528693,Ivory Coast,1965,0,0.0,0,0,0.0,1.757528693,1,0,0,no_crisis
234,15,CIV,4.665098294,Ivory Coast,1966,0,0.0,0,0,0.0,4.665098294,1,0,0,no_crisis
235,15,CIV,2.766186537,Ivory Coast,1967,0,0.0,0,0,0.0,2.766186537,1,0,0,no_crisis
236,15,CIV,7.747595621,Ivory Coast,1968,0,0.0,0,0,0.0,7.747595621,1,0,0,no_crisis
237,15,CIV,2.5029273830000003,Ivory Coast,1969,0,0.0,0,0,0.0,2.5029273830000003,1,0,0,no_crisis
238,15,CIV,286.075116891,Ivory Coast,1970,0,278.0,0,0,0.0,8.075116891,1,0,0,no_crisis
239,15,CIV,262.92774365,Ivory Coast,1971,0,264.0,0,0,0.0,-1.07225635,1,0,0,no_crisis
240,15,CIV,256.694615424,Ivory Coast,1972,0,255.5,0,0,0.0,1.194615424,1,0,0,no_crisis
241,15,CIV,250.9325741,Ivory Coast,1973,0,238.0,0,0,0.0,12.9325741,1,0,0,no_crisis
242,15,CIV,240.22418299,Ivory Coast,1974,0,222.0,0,0,0.0,18.22418299,1,0,0,no_crisis
243,15,CIV,230.61769304,Ivory Coast,1975,0,220.0,0,0,0.0,10.61769304,1,0,0,no_crisis
244,15,CIV,259.90885269,Ivory Coast,1976,0,247.0,0,0,0.0,12.90885269,1,0,0,no_crisis
245,15,CIV,260.48243736,Ivory Coast,1977,0,236.0,0,0,0.0,24.48243736,1,0,1,no_crisis
246,15,CIV,259.53173523,Ivory Coast,1978,0,243.5,0,0,0.0,16.03173523,1,0,0,no_crisis
247,15,CIV,226.75954473,Ivory Coast,1979,0,205.0,0,0,0.0,21.75954473,1,0,1,no_crisis
248,15,CIV,229.81,Ivory Coast,1980,0,221.0,0,0,0.0,8.81,1,0,0,no_crisis
249,15,CIV,298.682,Ivory Coast,1981,0,290.0,0,0,0.0,8.682,1,0,0,no_crisis
250,15,CIV,359.389,Ivory Coast,1982,0,352.0,0,0,0.0,7.388999999999999,1,0,0,no_crisis
251,15,CIV,456.879,Ivory Coast,1983,0,450.0,0,1,0.0,5.879,1,0,0,no_crisis
252,15,CIV,491.781,Ivory Coast,1984,0,486.5,0,1,0.0,4.281000000000001,1,0,0,no_crisis
253,15,CIV,382.753,Ivory Coast,1985,0,380.0,0,1,0.0,1.7530000000000001,1,0,0,no_crisis
254,15,CIV,326.837,Ivory Coast,1986,0,319.0,0,1,0.0,6.837000000000001,1,0,0,no_crisis
255,15,CIV,284.978,Ivory Coast,1987,0,277.0,0,1,0.0,6.978,1,0,0,no_crisis
256,15,CIV,318.935,Ivory Coast,1988,1,310.0,0,1,0.0,6.935,1,0,0,crisis
257,15,CIV,307.986,Ivory Coast,1989,1,305.0,0,1,0.0,0.986,1,0,0,crisis
258,15,CIV,268.342,Ivory Coast,1990,1,267.0,0,1,0.0,-0.6579999999999999,1,0,0,crisis
259,15,CIV,268.575,Ivory Coast,1991,1,265.0,0,1,0.0,1.575,1,0,0,crisis
260,15,CIV,283.218,Ivory Coast,1992,0,278.0,0,1,0.0,4.218,1,0,0,no_crisis
261,15,CIV,300.13,Ivory Coast,1993,0,297.0,0,1,0.0,2.13,1,0,0,no_crisis
262,15,CIV,566.956,Ivory Coast,1994,0,540.0,0,1,0.0,25.956,1,1,1,no_crisis
263,15,CIV,510.1,Ivory Coast,1995,0,495.0,0,1,0.0,14.1,1,0,0,no_crisis
264,15,CIV,529.4000000000001,Ivory Coast,1996,0,525.7,0,1,0.0,2.7,1,0,0,no_crisis
265,15,CIV,623.301,Ivory Coast,1997,0,616.0,0,1,0.0,6.301,1,0,0,no_crisis
266,15,CIV,582.219,Ivory Coast,1998,0,576.0,0,1,0.0,5.218999999999999,1,0,0,no_crisis
267,15,CIV,0.92,Ivory Coast,1999,0,0.0,0,0,0.0,0.92,1,0,0,no_crisis
268,15,CIV,0.619,Ivory Coast,2000,0,0.0,0,1,0.0,-0.381,1,0,0,no_crisis
269,15,CIV,5.355,Ivory Coast,2001,0,0.0,0,1,0.0,4.355,1,0,0,no_crisis
270,15,CIV,4.08,Ivory Coast,2002,0,0.0,0,1,0.0,3.08,1,0,0,no_crisis
271,15,CIV,4.297,Ivory Coast,2003,0,0.0,0,1,0.0,3.2969999999999997,1,0,0,no_crisis
272,15,CIV,2.459,Ivory Coast,2004,0,0.0,0,1,0.0,1.459,1,0,0,no_crisis
273,15,CIV,4.884,Ivory Coast,2005,0,0.0,0,1,0.0,3.884,1,0,0,no_crisis
274,15,CIV,3.4659999999999997,Ivory Coast,2006,0,0.0,0,1,0.0,2.4659999999999997,1,0,0,no_crisis
275,15,CIV,2.896,Ivory Coast,2007,0,0.0,0,1,0.0,1.896,1,0,0,no_crisis
276,15,CIV,7.315,Ivory Coast,2008,0,0.0,0,1,0.0,6.315,1,0,0,no_crisis
277,15,CIV,2.0090000000000003,Ivory Coast,2009,0,0.0,0,1,0.0,1.0090000000000001,1,0,0,no_crisis
278,15,CIV,2.8,Ivory Coast,2010,0,0.0,0,1,0.0,1.8,1,0,0,no_crisis
279,15,CIV,5.448,Ivory Coast,2011,0,0.0,0,1,0.0,4.448,1,0,0,no_crisis
280,15,CIV,2.3,Ivory Coast,2012,0,0.0,0,1,0.0,1.3,1,0,0,no_crisis
281,15,CIV,2.5839999999999996,Ivory Coast,2013,0,0.0,0,0,0.0,2.5839999999999996,1,0,0,no_crisis
282,15,CIV,0.449,Ivory Coast,2014,0,0.0,0,0,0.0,0.449,1,0,0,no_crisis
283,19,EGY,6.151089542,Egypt,1860,0,0.20661157,0,0,0.0,5.9444779720000005,1,0,0,no_crisis
284,19,EGY,6.159331592999999,Egypt,1861,0,0.20661157,0,0,0.0,5.9527200229999995,1,0,0,no_crisis
285,19,EGY,6.147471785,Egypt,1862,0,0.20661157,0,0,0.0,5.940860215,1,0,0,no_crisis
286,19,EGY,6.156878,Egypt,1863,0,0.20661157,0,0,0.0,5.95026643,1,0,0,no_crisis
287,19,EGY,6.157994637999999,Egypt,1864,0,0.20661157,0,0,0.0,5.951383067999999,1,0,0,no_crisis
288,19,EGY,6.151457862999999,Egypt,1865,0,0.20661157,0,0,0.0,5.9448462929999994,1,0,0,no_crisis
289,19,EGY,6.148578712999999,Egypt,1866,0,0.20661157,0,0,0.0,5.941967142999999,1,0,0,no_crisis
290,19,EGY,6.1576739,Egypt,1867,0,0.20661157,0,0,0.0,5.95106233,1,0,0,no_crisis
291,19,EGY,6.15605084,Egypt,1868,0,0.20661157,0,0,0.0,5.94943927,1,0,0,no_crisis
292,19,EGY,6.134984894,Egypt,1869,0,0.1967,0,0,0.0,5.938284894,1,0,0,no_crisis
293,19,EGY,6.148582557,Egypt,1870,0,0.196,0,0,0.0,5.952582557,1,0,0,no_crisis
294,19,EGY,13.176302360000001,Egypt,1871,0,0.1978,0,0,0.0,12.97850236,1,0,0,no_crisis
295,19,EGY,-4.003340114999999,Egypt,1872,0,0.1984,0,0,0.0,-4.201740115,1,0,0,no_crisis
296,19,EGY,-3.974896921,Egypt,1873,0,0.19699999999999998,0,0,0.0,-4.171896921,1,0,0,no_crisis
297,19,EGY,1.754480197,Egypt,1874,0,0.198,0,0,0.0,1.556480197,1,0,0,no_crisis
298,19,EGY,-8.333972838,Egypt,1875,0,0.1941,0,0,0.0,-8.528072838,1,0,0,no_crisis
299,19,EGY,-9.27595348,Egypt,1876,0,0.1983,0,1,0.4,-10.87425348,1,0,0,no_crisis
300,19,EGY,1.15808725,Egypt,1877,0,0.1955,0,1,0.4,-0.43741275,1,0,0,no_crisis
301,19,EGY,1.0825852120000001,Egypt,1878,0,0.1967,0,1,0.4,-0.514114788,1,0,0,no_crisis
302,19,EGY,12.14963622,Egypt,1879,0,0.1981,0,1,0.4,10.55153622,1,0,0,no_crisis
303,19,EGY,3.3858036719999998,Egypt,1880,0,0.201,0,1,0.4,1.7848036719999998,1,0,0,no_crisis
304,19,EGY,-12.208149630000001,Egypt,1881,0,0.2,0,0,0.0,-12.40814963,1,0,0,no_crisis
305,19,EGY,4.432402478999999,Egypt,1882,0,0.1998,0,0,0.0,4.232602479,1,0,0,no_crisis
306,19,EGY,-2.031771246,Egypt,1883,0,0.1998,0,0,0.0,-2.231571246,1,0,0,no_crisis
307,19,EGY,-0.27678138399999996,Egypt,1884,0,0.2003,0,0,0.0,-0.477081384,1,0,0,no_crisis
308,19,EGY,-6.239475054000001,Egypt,1885,0,0.1991,0,0,0.0,-6.438575054,1,0,0,no_crisis
309,19,EGY,3.817336528,Egypt,1886,0,0.2007,0,0,0.0,3.616636528,1,0,0,no_crisis
310,19,EGY,-2.6408989139999997,Egypt,1887,0,0.1999,0,0,0.0,-2.8407989139999996,1,0,0,no_crisis
311,19,EGY,-6.018244417000001,Egypt,1888,0,0.1987,0,0,0.0,-6.2169444170000006,1,0,0,no_crisis
312,19,EGY,-12.13191115,Egypt,1889,0,0.2005,0,0,0.0,-12.33241115,1,0,0,no_crisis
313,19,EGY,8.150293931,Egypt,1890,0,0.2003,0,0,0.0,7.949993931,1,0,0,no_crisis
314,19,EGY,10.376399150000001,Egypt,1891,0,0.201,0,0,0.0,10.17539915,1,0,0,no_crisis
315,19,EGY,2.158683611,Egypt,1892,0,0.1993,0,0,0.0,1.959383611,1,0,0,no_crisis
316,19,EGY,-13.72423028,Egypt,1893,0,0.1983,0,0,0.0,-13.92253028,1,0,0,no_crisis
317,19,EGY,-4.754488372,Egypt,1894,0,0.19899999999999998,0,0,0.0,-4.953488372,1,0,0,no_crisis
318,19,EGY,-5.381564057,Egypt,1895,0,0.1971,0,0,0.0,-5.578664057,1,0,0,no_crisis
319,19,EGY,9.90218668,Egypt,1896,0,0.1976,0,0,0.0,9.70458668,1,0,0,no_crisis
320,19,EGY,3.044944632,Egypt,1897,0,0.1986,0,0,0.0,2.846344632,1,0,0,no_crisis
321,19,EGY,14.415312129999998,Egypt,1898,0,0.1985,0,0,0.0,14.21681213,1,0,0,no_crisis
322,19,EGY,-6.179322377999999,Egypt,1899,0,0.1951,0,0,0.0,-6.374422377999999,1,0,0,no_crisis
323,19,EGY,7.588216151000001,Egypt,1900,0,0.1999,0,0,0.0,7.388316151000001,1,0,0,no_crisis
324,19,EGY,0.3075,Egypt,1901,0,0.1975,0,0,0.0,0.11,1,0,0,no_crisis
325,19,EGY,-0.35059566500000006,Egypt,1902,0,0.1988,0,0,0.0,-0.549395665,1,0,0,no_crisis
326,19,EGY,-7.332245842000001,Egypt,1903,0,0.2009,0,0,0.0,-7.533145842000001,1,0,0,no_crisis
327,19,EGY,-2.440182881,Egypt,1904,0,0.1994,0,0,0.0,-2.639582881,1,0,0,no_crisis
328,19,EGY,15.564159660000001,Egypt,1905,0,0.201,0,0,0.0,15.36315966,1,0,0,no_crisis
329,19,EGY,9.649042747000001,Egypt,1906,0,0.2003,0,0,0.0,9.448742747,1,0,0,no_crisis
330,19,EGY,2.508367076,Egypt,1907,1,0.2006,0,0,0.0,1.307767076,1,0,0,crisis
331,19,EGY,9.069875360000001,Egypt,1908,0,0.1994,0,0,0.0,8.87047536,1,0,0,no_crisis
332,19,EGY,1.385207419,Egypt,1909,0,0.1995,0,0,0.0,1.185707419,1,0,0,no_crisis
333,19,EGY,-11.5419844,Egypt,1910,0,0.1999,0,0,0.0,-11.7418844,1,0,0,no_crisis
334,19,EGY,1.491427398,Egypt,1911,0,0.1996,0,0,0.0,1.291827398,1,0,0,no_crisis
335,19,EGY,6.44371108,Egypt,1912,0,0.1998,0,0,0.0,6.24391108,1,0,0,no_crisis
336,19,EGY,11.60450127,Egypt,1913,0,0.2007,0,0,0.0,11.40380127,1,0,0,no_crisis
337,19,EGY,-0.937784017,Egypt,1914,0,0.1996,0,0,0.0,-1.137384017,1,0,0,no_crisis
338,19,EGY,-15.79460551,Egypt,1915,0,0.20600000000000002,0,0,0.0,-16.00060551,1,0,0,no_crisis
339,19,EGY,19.531820999999997,Egypt,1916,0,0.2049,0,0,0.0,19.326921,1,0,0,no_crisis
340,19,EGY,35.6849225,Egypt,1917,0,0.2049,0,0,0.0,35.4800225,1,0,1,no_crisis
341,19,EGY,18.25091609,Egypt,1918,0,0.2042,0,0,0.0,18.04671609,1,0,0,no_crisis
342,19,EGY,12.4297099,Egypt,1919,0,0.2554,0,0,0.0,12.1743099,1,0,0,no_crisis
343,19,EGY,20.88132757,Egypt,1920,0,0.2787,0,0,0.0,20.60262757,1,0,1,no_crisis
344,19,EGY,-28.267836879999997,Egypt,1921,0,0.2343,0,0,0.0,-28.50213688,1,0,0,no_crisis
345,19,EGY,-11.595567599999999,Egypt,1922,0,0.2112,0,0,0.0,-11.806767599999999,1,0,0,no_crisis
346,19,EGY,-10.680078870000001,Egypt,1923,0,0.2244,0,0,0.0,-10.90447887,1,0,0,no_crisis
347,19,EGY,7.4086667639999995,Egypt,1924,0,0.2074,0,0,0.0,7.201266764,1,0,0,no_crisis
348,19,EGY,5.882903785,Egypt,1925,0,0.2008,0,0,0.0,5.682103785,1,0,0,no_crisis
349,19,EGY,-11.15369535,Egypt,1926,0,0.2011,0,0,0.0,-11.35479535,1,0,0,no_crisis
350,19,EGY,-8.157155722,Egypt,1927,0,0.1998,0,0,0.0,-8.356955722,1,0,0,no_crisis
351,19,EGY,4.7067024,Egypt,1928,0,0.201,0,0,0.0,4.5057024000000006,1,0,0,no_crisis
352,19,EGY,-3.1398603419999995,Egypt,1929,0,0.1998,0,0,0.0,-3.3396603419999997,1,0,0,no_crisis
353,19,EGY,-6.721494859,Egypt,1930,0,0.2008,0,0,0.0,-6.922294859,1,0,0,no_crisis
354,19,EGY,-3.7312311540000005,Egypt,1931,1,0.289,0,0,0.0,-5.020231154,1,0,0,crisis
355,19,EGY,-10.55073995,Egypt,1932,0,0.2975,0,0,0.0,-10.84823995,1,0,0,no_crisis
356,19,EGY,-9.602527400000001,Egypt,1933,0,0.1906,0,0,0.0,-9.793127400000001,1,0,0,no_crisis
357,19,EGY,24.16635479,Egypt,1934,0,0.1971,0,0,0.0,23.96925479,1,0,1,no_crisis
358,19,EGY,5.846470427,Egypt,1935,0,0.1979,0,0,0.0,5.648570427,1,0,0,no_crisis
359,19,EGY,-7.051027068,Egypt,1936,0,0.1987,0,0,0.0,-7.249727067999999,1,0,0,no_crisis
360,19,EGY,-0.827613275,Egypt,1937,0,0.1952,0,0,0.0,-1.022813275,1,0,0,no_crisis
361,19,EGY,11.64194281,Egypt,1938,0,0.2088,0,0,0.0,11.43314281,1,0,0,no_crisis
362,19,EGY,-1.187048115,Egypt,1939,0,0.2481,0,0,0.0,-1.435148115,1,0,0,no_crisis
363,19,EGY,10.62522042,Egypt,1940,0,0.2416,0,0,0.0,10.38362042,1,0,0,no_crisis
364,19,EGY,24.42978835,Egypt,1941,0,0.2416,0,0,0.0,24.18818835,1,0,1,no_crisis
365,19,EGY,41.00798415,Egypt,1942,0,0.2416,0,0,0.0,40.76638415,1,0,1,no_crisis
366,19,EGY,17.72803148,Egypt,1943,0,0.2416,0,0,0.0,17.48643148,1,0,0,no_crisis
367,19,EGY,11.62098502,Egypt,1944,0,0.2416,0,0,0.0,11.37938502,1,0,0,no_crisis
368,19,EGY,0.2416,Egypt,1945,0,0.2416,0,0,0.0,0.0,1,0,0,no_crisis
369,19,EGY,2.360779547,Egypt,1946,0,0.2416,0,0,0.0,2.119179547,1,0,0,no_crisis
370,19,EGY,-2.8712034269999998,Egypt,1947,0,0.2416,0,0,0.0,-3.112803427,1,0,0,no_crisis
371,19,EGY,0.9555582109999999,Egypt,1948,0,0.2416,0,0,0.0,0.7139582109999999,1,0,0,no_crisis
372,19,EGY,0.3484,Egypt,1949,0,0.3484,0,0,0.0,0.0,1,1,0,no_crisis
373,19,EGY,8.858415609,Egypt,1950,0,0.3484,0,0,0.0,8.510015609,1,0,0,no_crisis
374,19,EGY,7.948268141,Egypt,1951,0,0.3484,0,0,0.0,7.599868141,1,0,0,no_crisis
375,19,EGY,-9.90643916,Egypt,1952,0,0.3484,0,0,0.0,-10.25483916,1,0,0,no_crisis
376,19,EGY,-0.6043356240000002,Egypt,1953,0,0.3484,0,0,0.0,-0.9527356240000001,1,0,0,no_crisis
377,19,EGY,-2.537299962,Egypt,1954,0,0.3484,0,0,0.0,-2.885699962,1,0,0,no_crisis
378,19,EGY,0.3484,Egypt,1955,0,0.3484,0,0,0.0,0.0,1,0,0,no_crisis
379,19,EGY,4.310329343,Egypt,1956,0,0.3484,0,0,0.0,3.961929343,1,0,0,no_crisis
380,19,EGY,3.6001319150000004,Egypt,1957,0,0.3509,0,0,0.0,3.249231915,1,0,0,no_crisis
381,19,EGY,-0.9896470390000001,Egypt,1958,0,0.3509,0,0,0.0,-1.340547039,1,0,0,no_crisis
382,19,EGY,1.045513697,Egypt,1959,0,0.3509,0,0,0.0,0.694613697,1,0,0,no_crisis
383,19,EGY,1.077028525,Egypt,1960,0,0.3509,0,0,0.0,0.726128525,1,0,0,no_crisis
384,19,EGY,1.52836005,Egypt,1961,0,0.3509,0,0,0.0,1.17746005,1,0,0,no_crisis
385,19,EGY,-3.768976274,Egypt,1962,0,0.4348,0,0,0.0,-4.203776274,1,1,0,no_crisis
386,19,EGY,2.495665254,Egypt,1963,0,0.4348,0,0,0.0,2.060865254,1,0,0,no_crisis
387,19,EGY,8.259138769,Egypt,1964,0,0.4348,0,0,0.0,7.824338769,1,0,0,no_crisis
388,19,EGY,13.55570131,Egypt,1965,0,0.4348,0,0,0.0,13.12090131,1,0,0,no_crisis
389,19,EGY,7.128497414,Egypt,1966,0,0.4348,0,0,0.0,6.693697414,1,0,0,no_crisis
390,19,EGY,0.5544175530000001,Egypt,1967,0,0.4348,0,0,0.0,0.119617553,1,0,0,no_crisis
391,19,EGY,0.890618017,Egypt,1968,0,0.4348,0,0,0.0,0.455818017,1,0,0,no_crisis
392,19,EGY,4.1115365839999996,Egypt,1969,0,0.4348,0,0,0.0,3.676736584,1,0,0,no_crisis
393,19,EGY,3.80351659,Egypt,1970,0,0.4348,0,0,0.0,3.36871659,1,0,0,no_crisis
394,19,EGY,3.377779233,Egypt,1971,0,0.4348,0,0,0.0,2.942979233,1,0,0,no_crisis
395,19,EGY,2.858902664,Egypt,1972,0,0.4348,0,0,0.0,2.424102664,1,0,0,no_crisis
396,19,EGY,6.175112478,Egypt,1973,0,0.4348,0,0,0.0,5.740312478,1,0,0,no_crisis
397,19,EGY,11.03170499,Egypt,1974,0,0.3913,0,0,0.0,10.64040499,1,0,0,no_crisis
398,19,EGY,10.290565450999999,Egypt,1975,0,0.3913,0,0,0.0,9.899265451,1,0,0,no_crisis
399,19,EGY,10.68322345,Egypt,1976,0,0.3913,0,0,0.0,10.29192345,1,0,0,no_crisis
400,19,EGY,12.005926449999999,Egypt,1977,0,0.3913,0,0,0.0,11.61462645,1,0,0,no_crisis
401,19,EGY,11.66217249,Egypt,1978,0,0.3913,0,0,0.0,11.27087249,1,0,0,no_crisis
402,19,EGY,10.60279235,Egypt,1979,0,0.7,0,0,0.0,9.90279235,1,1,0,no_crisis
403,19,EGY,22.199999999,Egypt,1980,1,0.6999999990000001,0,0,0.0,20.5,1,0,1,no_crisis
404,19,EGY,12.099999999000001,Egypt,1981,1,0.6999999990000001,0,0,0.0,10.4,1,0,0,crisis
405,19,EGY,16.599999999,Egypt,1982,1,0.6999999990000001,0,0,0.0,14.9,1,0,0,crisis
406,19,EGY,17.681999999000002,Egypt,1983,1,0.6999999990000001,0,0,0.0,15.982000000000001,1,0,0,crisis
407,19,EGY,19.16,Egypt,1984,0,0.7,0,1,0.4,17.06,1,0,0,no_crisis
408,19,EGY,12.807999999999998,Egypt,1985,0,0.7,0,0,0.0,12.107999999999999,1,0,0,no_crisis
409,19,EGY,24.599999999999998,Egypt,1986,0,0.7,0,0,0.0,23.9,1,0,1,no_crisis
410,19,EGY,25.884999999999998,Egypt,1987,0,0.7,0,0,0.0,25.185,1,0,1,no_crisis
411,19,EGY,15.885,Egypt,1988,0,0.7,0,0,0.0,15.185,1,0,0,no_crisis
412,19,EGY,21.229000000000003,Egypt,1989,0,1.1,0,0,0.0,20.129,1,1,1,no_crisis
413,19,EGY,23.219,Egypt,1990,0,2.0,0,0,0.0,21.219,1,1,1,crisis
414,19,EGY,18.069209999999998,Egypt,1991,0,3.33221,0,0,0.0,14.737,1,1,0,crisis
415,19,EGY,24.48061,Egypt,1992,0,3.3386099999999996,0,0,0.0,21.142,1,0,1,crisis
416,19,EGY,14.4138,Egypt,1993,0,3.3718,0,0,0.0,11.042,1,0,0,crisis
417,19,EGY,12.437,Egypt,1994,0,3.391,0,0,0.0,9.046,1,0,0,crisis
418,19,EGY,12.751000000000001,Egypt,1995,0,3.39,0,0,0.0,9.361,1,0,0,crisis
419,19,EGY,10.483,Egypt,1996,0,3.388,0,0,0.0,7.095,1,0,0,no_crisis
420,19,EGY,9.555,Egypt,1997,0,3.388,0,0,0.0,6.167000000000001,1,0,0,no_crisis
421,19,EGY,8.429,Egypt,1998,0,3.388,0,0,0.0,5.041,1,0,0,no_crisis
422,19,EGY,7.15,Egypt,1999,0,3.405,0,0,0.0,3.745,1,0,0,no_crisis
423,19,EGY,6.539,Egypt,2000,0,3.69,0,0,0.0,2.8489999999999998,1,0,0,no_crisis
424,19,EGY,6.921,Egypt,2001,0,4.49,0,0,0.0,2.431,1,1,0,no_crisis
425,19,EGY,7.71,Egypt,2002,0,4.5,0,0,0.0,3.21,1,0,0,no_crisis
426,19,EGY,6.1532,Egypt,2003,0,6.1532,0,0,0.0,0.0,1,1,0,no_crisis
427,19,EGY,14.237400000000001,Egypt,2004,0,6.1314,0,0,0.0,8.106,1,0,0,no_crisis
428,19,EGY,14.5582,Egypt,2005,0,5.7322,0,0,0.0,8.826,1,0,0,no_crisis
429,19,EGY,9.9056,Egypt,2006,0,5.7036,0,0,0.0,4.202,1,0,0,no_crisis
430,19,EGY,16.4628,Egypt,2007,0,5.5038,0,0,0.0,10.959000000000001,1,0,0,no_crisis
431,19,EGY,17.2021,Egypt,2008,0,5.5041,0,0,0.0,11.698,1,0,0,no_crisis
432,19,EGY,21.7154,Egypt,2009,0,5.4754,0,0,0.0,16.24,1,0,0,no_crisis
433,19,EGY,17.482599999999998,Egypt,2010,0,5.7926,0,0,0.0,11.69,1,0,0,no_crisis
434,19,EGY,17.1069,Egypt,2011,0,6.0169,0,0,0.0,11.09,1,0,0,no_crisis
435,19,EGY,14.9557,Egypt,2012,0,6.3057,0,0,0.0,8.65,1,0,0,no_crisis
436,19,EGY,13.854,Egypt,2013,0,6.94,0,0,0.0,6.914,1,0,0,no_crisis
437,19,EGY,17.249000000000002,Egypt,2014,0,7.15,0,0,0.0,10.099,1,0,0,no_crisis
438,35,KEN,14.298030607,Kenya,1948,0,4.9582,0,0,0.0,9.339830607,0,0,0,no_crisis
439,35,KEN,8.481120204,Kenya,1949,0,4.9582,0,0,0.0,3.5229202039999996,0,0,0,no_crisis
440,35,KEN,15.696510537000002,Kenya,1950,0,7.1428,0,0,0.0,8.553710537,0,0,0,no_crisis
441,35,KEN,18.02047339,Kenya,1951,0,7.1428,0,0,0.0,10.87767339,0,0,0,no_crisis
442,35,KEN,13.593726123,Kenya,1952,0,7.1428,0,0,0.0,6.4509261229999995,0,0,0,no_crisis
443,35,KEN,10.174800000000001,Kenya,1953,0,7.1428,0,0,0.0,3.032,0,0,0,no_crisis
444,35,KEN,11.553180301000001,Kenya,1954,0,7.1429,0,0,0.0,4.410280301,0,0,0,no_crisis
445,35,KEN,13.512350435,Kenya,1955,0,7.1429,0,0,0.0,6.369450435,0,0,0,no_crisis
446,35,KEN,8.929176086,Kenya,1956,0,7.1429,0,0,0.0,1.786276086,0,0,0,no_crisis
447,35,KEN,9.773575184,Kenya,1957,0,7.1429,0,0,0.0,2.630675184,0,0,0,no_crisis
448,35,KEN,7.1429,Kenya,1958,0,7.1429,0,0,0.0,0.0,0,0,0,no_crisis
449,35,KEN,7.999545697,Kenya,1959,0,7.1429,0,0,0.0,0.856645697,0,0,0,no_crisis
450,35,KEN,7.988951758,Kenya,1960,0,7.1429,0,0,0.0,0.846051758,0,0,0,no_crisis
451,35,KEN,9.663051341,Kenya,1961,0,7.1429,0,0,0.0,2.520151341,0,0,0,no_crisis
452,35,KEN,9.883505244,Kenya,1962,0,7.1429,0,0,0.0,2.7406052439999997,0,0,0,no_crisis
453,35,KEN,7.1429,Kenya,1963,0,7.1429,0,0,0.0,0.0,1,0,0,no_crisis
454,35,KEN,6.857184443,Kenya,1964,0,7.1429,0,0,0.0,-0.285715557,1,0,0,no_crisis
455,35,KEN,12.905229908999999,Kenya,1965,0,7.1429,0,0,0.0,5.762329909,1,0,0,no_crisis
456,35,KEN,10.904813134,Kenya,1966,0,7.1429,0,0,0.0,3.761913134,1,0,0,no_crisis
457,35,KEN,7.680298087,Kenya,1967,0,7.1429,0,0,0.0,0.537398087,1,0,0,no_crisis
458,35,KEN,7.804765236,Kenya,1968,0,7.1429,0,0,0.0,0.661865236,1,0,0,no_crisis
459,35,KEN,7.0118094410000005,Kenya,1969,0,7.1429,0,0,0.0,-0.131090559,1,0,0,no_crisis
460,35,KEN,8.975493812,Kenya,1970,0,7.1429,0,0,0.0,1.8325938119999998,1,0,0,no_crisis
461,35,KEN,12.757673537,Kenya,1971,0,7.1429,0,0,0.0,5.6147735370000005,1,0,0,no_crisis
462,35,KEN,11.668119130000001,Kenya,1972,0,7.1429,0,0,0.0,4.52521913,1,0,0,no_crisis
463,35,KEN,19.56289775,Kenya,1973,0,6.9,0,0,0.0,12.66289775,1,0,0,no_crisis
464,35,KEN,23.55666144,Kenya,1974,0,7.1429,0,0,0.0,16.41376144,1,0,0,no_crisis
465,35,KEN,26.8776384,Kenya,1975,0,7.1429,0,0,0.0,19.734738399999998,1,0,0,no_crisis
466,35,KEN,17.797607325999998,Kenya,1976,0,8.27,0,0,0.0,9.527607326,1,1,0,no_crisis
467,35,KEN,25.95798176,Kenya,1977,0,7.9471,0,0,0.0,18.01088176,1,0,0,no_crisis
468,35,KEN,22.51501451,Kenya,1978,0,7.1588,0,0,0.0,15.35621451,1,0,0,no_crisis
469,35,KEN,15.407883232000001,Kenya,1979,0,7.3276,0,0,0.0,8.080283232000001,1,0,0,no_crisis
470,35,KEN,21.434499999,Kenya,1980,0,7.568499999,0,0,0.0,13.866,1,0,0,no_crisis
471,35,KEN,18.181199999999997,Kenya,1981,0,10.2862,0,0,0.0,7.895,1,1,0,no_crisis
472,35,KEN,26.5459,Kenya,1982,0,12.7249,0,0,0.0,13.821,1,1,0,no_crisis
473,35,KEN,25.398899999999998,Kenya,1983,0,13.7959,0,0,0.0,11.603,1,0,0,no_crisis
474,35,KEN,36.448299999999996,Kenya,1984,0,15.7813,0,0,0.0,20.666999999999998,1,0,1,no_crisis
475,35,KEN,28.6823,Kenya,1985,1,16.2843,0,0,0.0,11.398,1,0,0,crisis
476,35,KEN,27.3262,Kenya,1986,1,16.0422,0,0,0.0,10.284,1,0,0,crisis
477,35,KEN,30.521900000000002,Kenya,1987,1,16.5149,0,0,0.0,13.007,1,0,0,crisis
478,35,KEN,24.403399999999998,Kenya,1988,1,18.5994,0,0,0.0,4.803999999999999,1,0,0,crisis
479,35,KEN,30.218,Kenya,1989,1,21.601,0,0,0.0,7.617000000000001,1,1,0,no_crisis
480,35,KEN,35.284099999999995,Kenya,1990,0,24.0841,0,0,0.0,11.2,1,0,0,no_crisis
481,35,KEN,47.1781,Kenya,1991,0,28.0741,0,0,0.0,19.104,1,1,0,no_crisis
482,35,KEN,64.5483,Kenya,1992,1,36.2163,0,0,0.0,27.331999999999997,1,1,1,crisis
483,35,KEN,115.1421,Kenya,1993,1,68.1631,0,0,0.0,45.979,1,1,1,crisis
484,35,KEN,75.6529,Kenya,1994,1,44.8389,0,1,0.0,28.814,1,0,1,crisis
485,35,KEN,59.4929,Kenya,1995,1,55.9389,0,1,0.0,1.554,1,0,0,crisis
486,35,KEN,65.8831,Kenya,1996,1,55.0211,0,1,0.0,8.862,1,0,0,no_crisis
487,35,KEN,76.6018,Kenya,1997,1,62.6778,0,1,0.0,11.924000000000001,1,0,0,no_crisis
488,35,KEN,70.6216,Kenya,1998,1,61.9056,0,1,0.0,6.716,1,0,0,no_crisis
489,35,KEN,79.6836,Kenya,1999,1,72.9306,0,0,0.0,5.752999999999999,1,1,0,no_crisis
490,35,KEN,88.9911,Kenya,2000,0,78.0361,0,1,0.0,9.955,1,0,0,no_crisis
491,35,KEN,84.42399999999999,Kenya,2001,0,78.6,0,0,0.0,5.824,1,0,0,no_crisis
492,35,KEN,79.2282,Kenya,2002,0,77.0722,0,0,0.0,2.156,1,0,0,no_crisis
493,35,KEN,82.12190000000001,Kenya,2003,0,76.1389,0,0,0.0,5.983,1,0,0,no_crisis
494,35,KEN,85.7254,Kenya,2004,0,77.3444,0,0,0.0,8.381,1,0,0,no_crisis
495,35,KEN,80.18969999999999,Kenya,2005,0,72.3667,0,0,0.0,7.8229999999999995,1,0,0,no_crisis
496,35,KEN,75.43769999999999,Kenya,2006,0,69.3967,0,0,0.0,6.041,1,0,0,no_crisis
497,35,KEN,66.94,Kenya,2007,0,62.675,0,0,0.0,4.265,1,0,0,no_crisis
498,35,KEN,92.81211111,Kenya,2008,0,77.71111111,0,0,0.0,15.100999999999999,1,1,0,no_crisis
499,35,KEN,86.37199999999999,Kenya,2009,0,75.82,0,0,0.0,10.552,1,0,0,no_crisis
500,35,KEN,85.06094444,Kenya,2010,0,80.75194444,0,0,0.0,4.309,1,0,0,no_crisis
501,35,KEN,99.0901,Kenya,2011,0,85.0681,0,0,0.0,14.022,1,0,0,no_crisis
502,35,KEN,95.3788,Kenya,2012,0,86.0008,0,0,0.0,9.378,1,0,0,no_crisis
503,35,KEN,92.027,Kenya,2013,0,86.31,0,0,0.0,5.7170000000000005,1,0,0,no_crisis
504,35,KEN,96.228,Kenya,2014,0,89.35,0,0,0.0,6.877999999999999,1,0,0,no_crisis
505,38,MUS,-5.782409091,Mauritius,1947,0,3.3085,0,0,0.0,-9.090909091,0,0,0,no_crisis
506,38,MUS,35.30635465,Mauritius,1948,0,3.3085,0,0,0.0,31.99785465,0,0,1,no_crisis
507,38,MUS,5.785832387999999,Mauritius,1949,0,4.7619,0,0,0.0,1.023932388,0,0,0,no_crisis
508,38,MUS,9.666778735,Mauritius,1950,0,4.7619,0,0,0.0,4.904878735,0,0,0,no_crisis
509,38,MUS,15.94316499,Mauritius,1951,0,4.792009999999999,0,0,0.0,11.15115499,0,0,0,no_crisis
510,38,MUS,6.686931994,Mauritius,1952,0,4.74495,0,0,0.0,1.941981994,0,0,0,no_crisis
511,38,MUS,4.108488113,Mauritius,1953,0,4.74292,0,0,0.0,-0.6344318870000001,0,0,0,no_crisis
512,38,MUS,5.744412627,Mauritius,1954,0,4.78754,0,0,0.0,0.956872627,0,0,0,no_crisis
513,38,MUS,4.440067709,Mauritius,1955,0,4.75544,0,0,0.0,-0.315372291,0,0,0,no_crisis
514,38,MUS,7.643991221,Mauritius,1956,0,4.78651,0,0,0.0,2.8574812210000005,0,0,0,no_crisis
515,38,MUS,3.7369374649999996,Mauritius,1957,0,4.66297,0,0,0.0,-0.926032535,0,0,0,no_crisis
516,38,MUS,5.380211969,Mauritius,1958,0,4.75764,0,0,0.0,0.622571969,0,0,0,no_crisis
517,38,MUS,4.143170008,Mauritius,1959,0,4.76189,0,0,0.0,-0.618719992,0,0,0,no_crisis
518,38,MUS,6.6248161,Mauritius,1960,0,4.75544,0,0,0.0,1.8693761000000002,0,0,0,no_crisis
519,38,MUS,4.135382946999999,Mauritius,1961,0,4.7481599999999995,0,0,0.0,-0.612777053,0,0,0,no_crisis
520,38,MUS,5.556210117,Mauritius,1962,0,4.75764,0,0,0.0,0.798570117,0,0,0,no_crisis
521,38,MUS,6.521352463,Mauritius,1963,0,4.76768,0,0,0.0,1.753672463,1,0,0,no_crisis
522,38,MUS,6.6057784999999996,Mauritius,1964,0,4.77879,0,0,0.0,1.8269885,1,0,0,no_crisis
523,38,MUS,6.650462560999999,Mauritius,1965,0,4.75714,0,0,0.0,1.893322561,1,0,0,no_crisis
524,38,MUS,7.7606341180000005,Mauritius,1966,0,4.77862,0,0,0.0,2.982014118,1,0,0,no_crisis
525,38,MUS,8.478830401,Mauritius,1967,0,5.541,0,0,0.0,2.9378304010000003,1,0,0,no_crisis
526,38,MUS,10.921566052,Mauritius,1968,0,5.59189,0,0,0.0,5.329676052,1,0,0,no_crisis
527,38,MUS,8.532597387,Mauritius,1969,0,5.55392,0,0,0.0,2.978677387,1,0,0,no_crisis
528,38,MUS,5.581388727999999,Mauritius,1970,0,5.57016,0,0,0.0,0.011228728,1,0,0,no_crisis
529,38,MUS,7.109816037,Mauritius,1971,0,5.2236199999999995,0,0,0.0,1.886196037,1,0,0,no_crisis
530,38,MUS,11.230230333,Mauritius,1972,0,5.6783,0,0,0.0,5.551930333,1,0,0,no_crisis
531,38,MUS,26.562164720000002,Mauritius,1973,0,5.7392,0,0,0.0,20.82296472,1,0,1,no_crisis
532,38,MUS,29.47541683,Mauritius,1974,0,5.6774,0,0,0.0,23.79801683,1,0,1,no_crisis
533,38,MUS,21.79454955,Mauritius,1975,0,6.5892,0,0,0.0,15.20534955,1,0,0,no_crisis
534,38,MUS,17.39845144,Mauritius,1976,0,6.638999999999999,0,0,0.0,10.75945144,1,0,0,no_crisis
535,38,MUS,16.144834492999998,Mauritius,1977,0,6.3503,0,0,0.0,9.794534492999999,1,0,0,no_crisis
536,38,MUS,14.984188827,Mauritius,1978,0,5.921,0,0,0.0,9.063188827000001,1,0,0,no_crisis
537,38,MUS,30.80166753,Mauritius,1979,0,7.5855,0,0,0.0,23.21616753,1,1,1,no_crisis
538,38,MUS,40.8749,Mauritius,1980,0,7.8349,0,0,0.0,33.04,1,0,1,no_crisis
539,38,MUS,36.7793,Mauritius,1981,0,10.3293,0,0,0.0,26.45,1,1,1,no_crisis
540,38,MUS,24.244500000000002,Mauritius,1982,0,10.8605,0,0,0.0,13.384,1,0,0,no_crisis
541,38,MUS,20.1753,Mauritius,1983,0,12.7233,0,0,0.0,7.452000000000001,1,1,0,no_crisis
542,38,MUS,21.128300000000003,Mauritius,1984,0,15.6033,0,0,0.0,5.525,1,1,0,no_crisis
543,38,MUS,22.631,Mauritius,1985,0,14.31,0,0,0.0,8.321,1,0,0,no_crisis
544,38,MUS,17.4727,Mauritius,1986,0,13.1367,0,0,0.0,4.336,1,0,0,no_crisis
545,38,MUS,12.8942,Mauritius,1987,0,12.1752,0,0,0.0,0.7190000000000001,1,0,0,no_crisis
546,38,MUS,17.4337,Mauritius,1988,0,13.8337,0,0,0.0,3.6,1,0,0,no_crisis
547,38,MUS,28.605999999999998,Mauritius,1989,0,14.995999999999999,0,0,0.0,13.61,1,0,0,no_crisis
548,38,MUS,25.027,Mauritius,1990,0,14.322000000000001,0,0,0.0,10.705,1,0,0,no_crisis
549,38,MUS,27.6109,Mauritius,1991,0,14.7939,0,0,0.0,12.817,1,0,0,no_crisis
550,38,MUS,19.855,Mauritius,1992,0,16.998,0,0,0.0,2.8569999999999998,1,0,0,no_crisis
551,38,MUS,33.943799999999996,Mauritius,1993,0,18.6558,0,0,0.0,15.288,1,0,0,no_crisis
552,38,MUS,25.1976,Mauritius,1994,0,17.8626,0,0,0.0,7.335,1,0,0,no_crisis
553,38,MUS,23.6901,Mauritius,1995,0,17.6641,0,0,0.0,6.026,1,0,0,no_crisis
554,38,MUS,24.5245,Mauritius,1996,0,17.9715,0,0,0.0,6.553,1,0,0,crisis
555,38,MUS,29.096,Mauritius,1997,0,22.265,0,0,0.0,6.831,1,1,0,no_crisis
556,38,MUS,31.5915,Mauritius,1998,0,24.7835,0,0,0.0,6.808,1,0,0,no_crisis
557,38,MUS,32.34,Mauritius,1999,0,25.468000000000004,0,0,0.0,6.872000000000001,1,0,0,no_crisis
558,38,MUS,32.1117,Mauritius,2000,0,27.8817,0,0,0.0,4.23,1,0,0,no_crisis
559,38,MUS,35.7852,Mauritius,2001,0,30.3942,0,0,0.0,5.391,1,0,0,no_crisis
560,38,MUS,35.6108,Mauritius,2002,0,29.1968,0,0,0.0,6.414,1,0,0,no_crisis
561,38,MUS,30.018700000000003,Mauritius,2003,0,26.0877,0,0,0.0,3.931,1,0,0,no_crisis
562,38,MUS,32.9074,Mauritius,2004,0,28.2044,0,0,0.0,4.703,1,0,0,no_crisis
563,38,MUS,35.5876,Mauritius,2005,0,30.6666,0,0,0.0,4.921,1,0,0,no_crisis
564,38,MUS,43.266799999999996,Mauritius,2006,0,34.3368,0,0,0.0,8.93,1,0,0,no_crisis
565,38,MUS,37.0432,Mauritius,2007,0,28.2162,0,0,0.0,8.827,1,0,0,no_crisis
566,38,MUS,41.4865,Mauritius,2008,0,31.7555,0,0,0.0,9.731,1,0,0,no_crisis
567,38,MUS,32.8065,Mauritius,2009,0,30.2905,0,0,0.0,2.516,1,0,0,no_crisis
568,38,MUS,33.319,Mauritius,2010,0,30.39,0,0,0.0,2.929,1,0,0,no_crisis
569,38,MUS,35.855999999999995,Mauritius,2011,0,29.33,0,0,0.0,6.526,1,0,0,no_crisis
570,38,MUS,35.422,Mauritius,2012,0,30.52,0,0,0.0,4.902,1,0,0,no_crisis
571,38,MUS,34.256129869999995,Mauritius,2013,0,30.12512987,0,0,0.0,4.131,1,0,0,no_crisis
572,38,MUS,35.5094584,Mauritius,2014,0,31.737458399999998,0,0,0.0,3.772,1,0,0,no_crisis
573,40,MAR,25.917,Morocco,1940,0,0.917,0,0,0.0,25.0,0,0,1,no_crisis
574,40,MAR,32.917,Morocco,1941,0,0.917,0,0,0.0,32.0,0,0,1,no_crisis
575,40,MAR,38.9435295,Morocco,1942,0,0.75,0,0,0.0,38.1935295,0,0,1,no_crisis
576,40,MAR,29.00635593,Morocco,1943,0,0.5,0,0,0.0,28.50635593,0,1,1,no_crisis
577,40,MAR,35.3790396,Morocco,1944,0,0.5674,0,0,0.0,34.8116396,0,1,1,no_crisis
578,40,MAR,19.55188075,Morocco,1945,0,0.5657,0,0,0.0,18.98618075,0,0,0,no_crisis
579,40,MAR,57.97802894,Morocco,1946,0,1.2228,0,0,0.0,56.75522894,0,0,1,no_crisis
580,40,MAR,58.695835439999996,Morocco,1947,0,1.2228,0,0,0.0,57.47303544,0,1,1,no_crisis
581,40,MAR,41.36936285,Morocco,1948,0,1.2228,0,0,0.0,40.14656285,0,0,1,no_crisis
582,40,MAR,25.196792029999997,Morocco,1949,0,2.197,0,0,0.0,22.99979203,0,1,1,no_crisis
583,40,MAR,5.207984231999999,Morocco,1950,0,3.5824,0,0,0.0,1.6255842319999998,0,1,0,no_crisis
584,40,MAR,26.7834648,Morocco,1951,0,3.5824,0,0,0.0,23.2010648,0,0,1,no_crisis
585,40,MAR,8.776766741,Morocco,1952,0,3.5824,0,0,0.0,5.1943667410000005,0,0,0,no_crisis
586,40,MAR,2.348160396,Morocco,1953,0,3.5824,0,0,0.0,-1.234239604,0,0,0,no_crisis
587,40,MAR,6.08172689,Morocco,1954,0,3.5824,0,0,0.0,2.49932689,0,0,0,no_crisis
588,40,MAR,9.44466574,Morocco,1955,0,3.5824,0,0,0.0,5.86226574,0,0,0,no_crisis
589,40,MAR,9.297150199,Morocco,1956,0,3.5824,0,0,0.0,5.714750199,1,0,0,no_crisis
590,40,MAR,5.904742942,Morocco,1957,0,3.5875,0,0,0.0,2.317242942,1,0,0,no_crisis
591,40,MAR,8.679773421,Morocco,1958,0,4.2958,0,0,0.0,4.383973421,1,1,0,no_crisis
592,40,MAR,2.736838182,Morocco,1959,0,4.908,0,0,0.0,-2.1711618180000003,1,1,0,no_crisis
593,40,MAR,7.2798474419999994,Morocco,1960,0,5.0605,0,0,0.0,2.2193474419999997,1,0,0,no_crisis
594,40,MAR,7.336241340000001,Morocco,1961,0,5.0605,0,0,0.0,2.27574134,1,0,0,no_crisis
595,40,MAR,10.432369117,Morocco,1962,0,5.0241,0,0,0.0,5.408269117000001,1,0,0,no_crisis
596,40,MAR,10.761428474999999,Morocco,1963,0,5.0226,0,0,0.0,5.738828475,1,0,0,no_crisis
597,40,MAR,9.255930742,Morocco,1964,0,5.0226,0,0,0.0,4.233330742,1,0,0,no_crisis
598,40,MAR,7.504868989,Morocco,1965,0,5.0235,0,0,0.0,2.481368989,1,0,0,no_crisis
599,40,MAR,4.791540325000001,Morocco,1966,0,5.0265,0,0,0.0,-0.234959675,1,0,0,no_crisis
600,40,MAR,3.9010804009999998,Morocco,1967,0,5.0276,0,0,0.0,-1.126519599,1,0,0,no_crisis
601,40,MAR,6.1794350709999994,Morocco,1968,0,5.0409,0,0,0.0,1.138535071,1,0,0,no_crisis
602,40,MAR,6.7409476349999995,Morocco,1969,0,5.0493,0,0,0.0,1.691647635,1,0,0,no_crisis
603,40,MAR,6.942740245,Morocco,1970,0,5.0269,0,0,0.0,1.915840245,1,0,0,no_crisis
604,40,MAR,9.157441072,Morocco,1971,0,4.76,0,0,0.0,4.3974410719999995,1,0,0,no_crisis
605,40,MAR,7.768268966,Morocco,1972,0,4.5569,0,0,0.0,3.211368966,1,0,0,no_crisis
606,40,MAR,11.078448118999999,Morocco,1973,0,3.8851,0,0,0.0,7.1933481189999995,1,0,0,no_crisis
607,40,MAR,20.133707649999998,Morocco,1974,0,4.1548,0,0,0.0,15.97890765,1,0,0,no_crisis
608,40,MAR,10.84486628,Morocco,1975,0,3.8379,0,0,0.0,7.00696628,1,0,0,no_crisis
609,40,MAR,15.17738486,Morocco,1976,0,4.2041,0,0,0.0,10.97328486,1,0,0,no_crisis
610,40,MAR,15.13415052,Morocco,1977,0,4.32,0,0,0.0,10.81415052,1,0,0,no_crisis
611,40,MAR,13.606504887,Morocco,1978,0,3.88645,0,0,0.0,9.720054887,1,0,0,no_crisis
612,40,MAR,12.390193052,Morocco,1979,0,3.7388,0,0,0.0,8.651393052000001,1,0,0,no_crisis
613,40,MAR,13.742149998999999,Morocco,1980,0,4.334149999,0,0,0.0,9.408,1,0,0,no_crisis
614,40,MAR,17.826349999,Morocco,1981,0,5.333349999,0,0,0.0,12.493,1,0,0,no_crisis
615,40,MAR,16.795549999,Morocco,1982,0,6.267549999,0,0,0.0,10.527999999999999,1,0,0,no_crisis
616,40,MAR,16.398999999,Morocco,1983,1,8.060999999,0,1,0.13,6.207999999999999,1,0,0,crisis
617,40,MAR,22.999199999,Morocco,1984,1,9.551199999,0,0,0.0,12.448,1,0,0,crisis
618,40,MAR,17.350299999,Morocco,1985,0,9.621299999,0,0,0.0,7.729,1,1,0,no_crisis
619,40,MAR,18.5757,Morocco,1986,0,8.7117,0,1,0.13,8.734,1,0,0,no_crisis
620,40,MAR,11.6293,Morocco,1987,0,7.8003,0,1,0.13,2.699,1,0,0,no_crisis
621,40,MAR,11.7096,Morocco,1988,0,8.2106,0,1,0.13,2.369,1,0,0,no_crisis
622,40,MAR,12.389800000000001,Morocco,1989,0,8.1218,0,1,0.13,3.138,1,0,0,no_crisis
623,40,MAR,15.1989,Morocco,1990,0,8.0429,0,1,0.13,6.026,1,0,0,no_crisis
624,40,MAR,17.140900000000002,Morocco,1991,0,8.1499,0,0,0.0,8.991,1,0,0,no_crisis
625,40,MAR,14.7887,Morocco,1992,0,9.0487,0,0,0.0,5.74,1,0,0,no_crisis
626,40,MAR,14.8342,Morocco,1993,0,9.6512,0,0,0.0,5.183,1,0,0,no_crisis
627,40,MAR,14.101600000000001,Morocco,1994,0,8.9596,0,0,0.0,5.142,1,0,0,no_crisis
628,40,MAR,14.5929,Morocco,1995,0,8.4689,0,0,0.0,6.124,1,0,0,no_crisis
629,40,MAR,11.7865,Morocco,1996,0,8.7995,0,0,0.0,2.987,1,0,0,no_crisis
630,40,MAR,10.7551,Morocco,1997,0,9.7141,0,0,0.0,1.041,1,0,0,no_crisis
631,40,MAR,12.0001,Morocco,1998,0,9.2551,0,0,0.0,2.745,1,0,0,no_crisis
632,40,MAR,10.777,Morocco,1999,0,10.087,0,0,0.0,0.69,1,0,0,no_crisis
633,40,MAR,12.542000000000002,Morocco,2000,0,10.619000000000002,0,0,0.0,1.923,1,0,0,no_crisis
634,40,MAR,12.173,Morocco,2001,0,11.56,0,0,0.0,0.613,1,0,0,no_crisis
635,40,MAR,12.946,Morocco,2002,0,10.167,0,0,0.0,2.779,1,0,0,no_crisis
636,40,MAR,9.9129,Morocco,2003,0,8.7499,0,0,0.0,1.163,1,0,0,no_crisis
637,40,MAR,9.710700000000001,Morocco,2004,0,8.2177,0,0,0.0,1.493,1,0,0,no_crisis
638,40,MAR,10.2324,Morocco,2005,0,9.2494,0,0,0.0,0.983,1,0,0,no_crisis
639,40,MAR,11.7416,Morocco,2006,0,8.4566,0,0,0.0,3.285,1,0,0,no_crisis
640,40,MAR,9.7492,Morocco,2007,0,7.7132,0,0,0.0,2.036,1,0,0,no_crisis
641,40,MAR,11.9892,Morocco,2008,0,8.0982,0,0,0.0,3.891,1,0,0,no_crisis
642,40,MAR,8.8321,Morocco,2009,0,7.8601,0,0,0.0,0.972,1,0,0,no_crisis
643,40,MAR,9.3509,Morocco,2010,0,8.3569,0,0,0.0,0.9940000000000001,1,0,0,no_crisis
644,40,MAR,9.4842,Morocco,2011,0,8.5772,0,0,0.0,0.907,1,0,0,no_crisis
645,40,MAR,9.720500000000001,Morocco,2012,0,8.4335,0,0,0.0,1.287,1,0,0,no_crisis
646,40,MAR,10.031,Morocco,2013,0,8.15,0,0,0.0,1.881,1,0,0,no_crisis
647,40,MAR,9.263,Morocco,2014,0,8.82,0,0,0.0,0.44299999999999995,1,0,0,no_crisis
648,45,NGA,3.10291645,Nigeria,1954,0,0.0,0,0,0.0,3.10291645,0,0,0,no_crisis
649,45,NGA,6.173562277,Nigeria,1955,0,0.0,0,0,0.0,6.173562277,0,0,0,no_crisis
650,45,NGA,6.862909067,Nigeria,1956,0,0.0,0,0,0.0,6.862909067,0,0,0,no_crisis
651,45,NGA,1.5463968469999998,Nigeria,1957,0,0.0,0,0,0.0,1.5463968469999998,0,0,0,no_crisis
652,45,NGA,-3.399990138,Nigeria,1958,0,0.0,0,0,0.0,-3.399990138,0,0,0,no_crisis
653,45,NGA,4.707596881000001,Nigeria,1959,0,0.0,0,0,0.0,4.707596881000001,0,0,0,no_crisis
654,45,NGA,4.325727898,Nigeria,1960,0,0.0,0,0,0.0,4.325727898,1,0,0,no_crisis
655,45,NGA,6.217386806,Nigeria,1961,0,0.0,0,0,0.0,6.217386806,1,0,0,no_crisis
656,45,NGA,2.911602856,Nigeria,1962,0,0.0,0,0,0.0,2.911602856,1,0,0,no_crisis
657,45,NGA,-1.028492383,Nigeria,1963,0,0.0,0,0,0.0,-1.028492383,1,0,0,no_crisis
658,45,NGA,0.9380307609999999,Nigeria,1964,0,0.0,0,0,0.0,0.9380307609999999,1,0,0,no_crisis
659,45,NGA,4.601492448999999,Nigeria,1965,0,0.0,0,0,0.0,4.601492448999999,1,0,0,no_crisis
660,45,NGA,8.140460297,Nigeria,1966,0,0.0,0,0,0.0,8.140460297,1,0,0,no_crisis
661,45,NGA,-4.55304656,Nigeria,1967,0,0.0,0,0,0.0,-4.55304656,1,0,0,no_crisis
662,45,NGA,2.733415482,Nigeria,1968,0,0.0,0,0,0.0,2.733415482,1,0,0,no_crisis
663,45,NGA,11.00320434,Nigeria,1969,0,0.0,0,0,0.0,11.00320434,1,0,0,no_crisis
664,45,NGA,13.41347233,Nigeria,1970,0,0.0,0,0,0.0,13.41347233,1,0,0,no_crisis
665,45,NGA,15.47842436,Nigeria,1971,0,0.0,0,0,0.0,15.47842436,1,0,0,no_crisis
666,45,NGA,-0.008248214,Nigeria,1972,0,0.0,0,0,0.0,-0.008248214,1,0,0,no_crisis
667,45,NGA,12.331364459,Nigeria,1973,0,0.657894999,0,0,0.0,11.67346946,1,1,0,no_crisis
668,45,NGA,11.875656301,Nigeria,1974,0,0.616218881,0,0,0.0,11.25943742,1,0,0,no_crisis
669,45,NGA,39.118577239,Nigeria,1975,0,0.6146659289999999,0,0,0.0,38.50391131,1,0,1,no_crisis
670,45,NGA,18.967508518,Nigeria,1976,0,0.631074088,0,0,0.0,18.33643443,1,0,0,no_crisis
671,45,NGA,23.006487028000002,Nigeria,1977,0,0.651380928,0,0,0.0,22.3551061,1,0,1,no_crisis
672,45,NGA,16.42941931,Nigeria,1978,0,0.64808814,0,0,0.0,15.78133117,1,0,0,no_crisis
673,45,NGA,10.638836929,Nigeria,1979,0,0.570613409,0,0,0.0,10.06822352,1,0,0,no_crisis
674,45,NGA,10.514454729,Nigeria,1980,0,0.544454729,0,0,0.0,9.97,1,0,0,no_crisis
675,45,NGA,21.191902109,Nigeria,1981,0,0.636902109,0,0,0.0,20.555,1,1,0,no_crisis
676,45,NGA,6.552241287000001,Nigeria,1982,0,0.6702412870000001,0,0,0.0,5.882000000000001,1,0,1,no_crisis
677,45,NGA,22.970559023999996,Nigeria,1983,0,0.7485590240000001,0,0,0.0,22.221999999999998,1,0,0,no_crisis
678,45,NGA,41.717276754,Nigeria,1984,0,0.8082767540000001,0,0,0.0,40.909,1,0,1,no_crisis
679,45,NGA,4.225600160000001,Nigeria,1985,0,0.99960016,0,0,0.0,3.2260000000000004,1,1,1,no_crisis
680,45,NGA,9.566749585,Nigeria,1986,0,3.316749585,0,0,0.0,6.25,1,1,0,no_crisis
681,45,NGA,16.905786749,Nigeria,1987,0,4.140786749,0,1,0.0,11.765,1,1,0,no_crisis
682,45,NGA,40.564319057999995,Nigeria,1988,0,5.353319058,0,1,0.0,34.211,1,1,0,no_crisis
683,45,NGA,57.671109411,Nigeria,1989,0,7.651109411,0,1,0.0,49.02,1,1,1,no_crisis
684,45,NGA,17.895900089999998,Nigeria,1990,0,9.00090009,0,1,0.0,7.895,1,1,1,no_crisis
685,45,NGA,66.21136541999999,Nigeria,1992,1,19.64636542,0,1,0.0,44.565,1,1,0,crisis
686,45,NGA,81.02483807,Nigeria,1993,1,21.88183807,0,1,0.0,57.143,1,0,1,crisis
687,45,NGA,81.41336032000001,Nigeria,1994,1,21.99736032,0,1,0.0,57.416000000000004,1,0,1,crisis
688,45,NGA,95.61562727,Nigeria,1995,1,21.88662727,0,0,0.0,72.729,1,0,1,crisis
689,45,NGA,51.1781,Nigeria,1996,0,21.8861,0,0,0.0,29.291999999999998,1,0,1,no_crisis
690,45,NGA,32.559,Nigeria,1997,0,21.886,0,0,0.0,10.673,1,0,1,crisis
691,45,NGA,29.747999999999998,Nigeria,1998,0,21.886,0,0,0.0,7.862,1,0,0,no_crisis
692,45,NGA,104.568,Nigeria,1999,0,97.95,0,0,0.0,6.617999999999999,1,1,0,no_crisis
693,45,NGA,116.488,Nigeria,2000,0,109.55,0,0,0.0,6.938,1,0,0,no_crisis
694,45,NGA,131.81900000000002,Nigeria,2001,0,112.95,0,0,0.0,18.869,1,0,0,no_crisis
695,45,NGA,139.28300000000002,Nigeria,2002,0,126.4,0,0,0.0,12.883,1,0,0,no_crisis
696,45,NGA,150.533,Nigeria,2003,0,136.5,0,0,0.0,14.033,1,0,0,no_crisis
697,45,NGA,148.351,Nigeria,2004,0,132.35,0,1,0.0,15.001,1,0,0,no_crisis
698,45,NGA,147.856,Nigeria,2005,0,129.0,0,1,0.0,17.855999999999998,1,0,0,no_crisis
699,45,NGA,136.488,Nigeria,2006,0,128.27,0,0,0.0,8.218,1,0,0,no_crisis
700,45,NGA,123.38099999999999,Nigeria,2007,0,117.96799999999999,0,0,0.0,5.412999999999999,1,0,0,no_crisis
701,45,NGA,144.1435,Nigeria,2008,0,132.5625,0,0,0.0,11.581,1,0,0,no_crisis
702,45,NGA,163.12400000000002,Nigeria,2009,1,149.58100000000002,0,0,0.0,12.543,1,0,0,crisis
703,45,NGA,165.3817,Nigeria,2010,1,150.6617,0,0,0.0,13.72,1,0,0,crisis
704,45,NGA,170.108,Nigeria,2011,1,158.267,0,0,0.0,10.841,1,0,0,crisis
705,45,NGA,168.495,Nigeria,2012,1,155.27,0,0,0.0,12.225,1,0,0,crisis
706,45,NGA,164.695,Nigeria,2013,1,155.2,0,0,0.0,8.495,1,0,0,crisis
707,45,NGA,164.298,Nigeria,2014,1,155.25,0,0,0.0,8.048,1,0,0,crisis
708,56,ZAF,4.315689041000001,South Africa,1900,0,0.2061,0,0,0.0,4.109589041,0,0,0,no_crisis
709,56,ZAF,9.408868175,South Africa,1901,0,0.2045,0,0,0.0,9.204368175,0,0,0,no_crisis
710,56,ZAF,2.619185714,South Africa,1902,0,0.2049,0,0,0.0,2.414285714,0,0,0,no_crisis
711,56,ZAF,-8.032153117999998,South Africa,1903,0,0.2047,0,0,0.0,-8.236853117999999,0,0,0,no_crisis
712,56,ZAF,-4.925798864,South Africa,1904,0,0.20455,0,0,0.0,-5.130348864,0,0,0,no_crisis
713,56,ZAF,-6.548875365,South Africa,1905,0,0.20485,0,0,0.0,-6.753725365,0,0,0,no_crisis
714,56,ZAF,-7.046182086,South Africa,1906,0,0.2053,0,0,0.0,-7.251482086,0,0,0,no_crisis
715,56,ZAF,-1.352226054,South Africa,1907,0,0.20405,0,0,0.0,-1.556276054,0,0,0,no_crisis
716,56,ZAF,-1.3850888869999998,South Africa,1908,0,0.2052,0,0,0.0,-1.5902888869999998,0,0,0,no_crisis
717,56,ZAF,5.043301224,South Africa,1909,0,0.2049,0,0,0.0,4.838401224,0,0,0,no_crisis
718,56,ZAF,15.59152018,South Africa,1910,0,0.2048,0,0,0.0,15.38672018,1,0,0,no_crisis
719,56,ZAF,4.204783819,South Africa,1911,0,0.2051,0,0,0.0,3.999683819,1,0,0,no_crisis
720,56,ZAF,2.766224173,South Africa,1912,0,0.20485,0,0,0.0,2.561374173,1,0,0,no_crisis
721,56,ZAF,1.457258478,South Africa,1913,0,0.20485,0,0,0.0,1.252408478,1,0,0,no_crisis
722,56,ZAF,1.426167222,South Africa,1914,0,0.18925,0,0,0.0,1.236917222,1,0,0,no_crisis
723,56,ZAF,5.079058819999999,South Africa,1915,0,0.2063,0,0,0.0,4.87275882,1,0,0,no_crisis
724,56,ZAF,6.02793209,South Africa,1916,0,0.20965,0,0,0.0,5.81828209,1,0,0,no_crisis
725,56,ZAF,10.099100814,South Africa,1917,0,0.20985,0,0,0.0,9.889250814,1,0,0,no_crisis
726,56,ZAF,7.211222812000001,South Africa,1918,0,0.2098,0,0,0.0,7.001422812,1,0,0,no_crisis
727,56,ZAF,1.14064949,South Africa,1919,0,0.20985,0,0,0.0,0.93079949,1,0,0,no_crisis
728,56,ZAF,35.44011332,South Africa,1920,0,0.2532,0,0,0.0,35.18691332,1,0,1,no_crisis
729,56,ZAF,-17.833058989999998,South Africa,1921,0,0.2406,0,0,0.0,-18.07365899,1,0,0,no_crisis
730,56,ZAF,-3.73824429,South Africa,1922,0,0.21695,0,0,0.0,-3.95519429,1,0,0,no_crisis
731,56,ZAF,0.971542218,South Africa,1923,0,0.21295,0,0,0.0,0.758592218,1,0,0,no_crisis
732,56,ZAF,0.21295,South Africa,1924,0,0.21295,0,0,0.0,0.0,1,0,0,no_crisis
733,56,ZAF,-1.3000118440000001,South Africa,1925,0,0.20575,0,0,0.0,-1.505761844,1,0,0,no_crisis
734,56,ZAF,-1.3179817169999999,South Africa,1926,0,0.2056,0,0,0.0,-1.523581717,1,0,0,no_crisis
735,56,ZAF,2.529871,South Africa,1927,0,0.2065,0,0,0.0,2.323371,1,0,0,no_crisis
736,56,ZAF,-0.552092218,South Africa,1928,0,0.2065,0,0,0.0,-0.758592218,1,0,0,no_crisis
737,56,ZAF,-1.317081717,South Africa,1929,0,0.2065,0,0,0.0,-1.523581717,1,0,0,no_crisis
738,56,ZAF,-2.122151389,South Africa,1930,0,0.2065,0,0,0.0,-2.328651389,1,0,0,no_crisis
739,56,ZAF,-3.761711061,South Africa,1931,0,0.2065,0,0,0.0,-3.9682110610000003,1,0,0,no_crisis
740,56,ZAF,-5.224240882999999,South Africa,1932,0,0.2084,0,0,0.0,-5.4326408829999995,1,0,0,no_crisis
741,56,ZAF,2.59544513,South Africa,1933,0,0.19635,0,0,0.0,2.39909513,1,1,0,no_crisis
742,56,ZAF,-1.257103872,South Africa,1934,0,0.1963,0,0,0.0,-1.453403872,1,0,0,no_crisis
743,56,ZAF,-0.24450112999999998,South Africa,1935,0,0.20385,0,0,0.0,-0.44835113,1,0,0,no_crisis
744,56,ZAF,1.107466667,South Africa,1936,0,0.2008,0,0,0.0,0.906666667,1,0,0,no_crisis
745,56,ZAF,5.83977308,South Africa,1937,0,0.20199999999999999,0,0,0.0,5.63777308,1,0,0,no_crisis
746,56,ZAF,-0.12123718,South Africa,1938,0,0.2012,0,0,0.0,-0.32243718,1,0,0,no_crisis
747,56,ZAF,1.0745457059999999,South Africa,1939,0,0.21565,0,0,0.0,0.858895706,1,0,0,no_crisis
748,56,ZAF,4.177372538999999,South Africa,1940,0,0.25125,0,0,0.0,3.9261225389999996,1,1,0,no_crisis
749,56,ZAF,6.27976974,South Africa,1941,0,0.25125,0,0,0.0,6.02851974,1,0,0,no_crisis
750,56,ZAF,8.922901528,South Africa,1942,0,0.25125,0,0,0.0,8.671651528,1,0,0,no_crisis
751,56,ZAF,5.215461498,South Africa,1943,0,0.25125,0,0,0.0,4.964211498,1,0,0,no_crisis
752,56,ZAF,4.135983832,South Africa,1944,0,0.25125,0,0,0.0,3.8847338319999998,1,0,0,no_crisis
753,56,ZAF,1.0119919579999999,South Africa,1945,0,0.2497,0,0,0.0,0.7622919579999999,1,0,0,no_crisis
754,56,ZAF,6.310306061,South Africa,1946,0,0.2497,0,0,0.0,6.0606060610000005,1,0,0,no_crisis
755,56,ZAF,4.5953956609999995,South Africa,1947,0,0.3077,0,0,0.0,4.287695661,1,0,0,no_crisis
756,56,ZAF,7.137135025,South Africa,1948,0,0.28985,0,0,0.0,6.847285025,1,0,0,no_crisis
757,56,ZAF,2.881552564,South Africa,1949,0,0.31745,0,0,0.0,2.564102564,1,0,0,no_crisis
758,56,ZAF,7.233016852,South Africa,1950,0,0.35715,0,0,0.0,6.875866852000001,1,1,0,no_crisis
759,56,ZAF,8.010525726000001,South Africa,1951,0,0.35715,0,0,0.0,7.653375726,1,0,0,no_crisis
760,56,ZAF,6.9661548820000005,South Africa,1952,0,0.35715,0,0,0.0,6.609004882000001,1,0,0,no_crisis
761,56,ZAF,1.1345351590000001,South Africa,1953,0,0.35715,0,0,0.0,0.777385159,1,0,0,no_crisis
762,56,ZAF,4.2028723,South Africa,1954,0,0.35715,0,0,0.0,3.8457223,1,0,0,no_crisis
763,56,ZAF,2.0561856819999997,South Africa,1955,0,0.35715,0,0,0.0,1.6990356819999999,1,0,0,no_crisis
764,56,ZAF,2.245596215,South Africa,1956,0,0.35715,0,0,0.0,1.888446215,1,0,0,no_crisis
765,56,ZAF,3.6205313939999995,South Africa,1957,0,0.3568,0,0,0.0,3.2637313939999997,1,0,0,no_crisis
766,56,ZAF,3.5159785980000002,South Africa,1958,0,0.3554,0,0,0.0,3.1605785980000003,1,0,0,no_crisis
767,56,ZAF,1.141063275,South Africa,1959,0,0.35555,0,0,0.0,0.785513275,1,0,0,no_crisis
768,56,ZAF,1.9387622059999998,South Africa,1960,0,0.3557,0,0,0.0,1.583062206,1,0,0,no_crisis
769,56,ZAF,2.4351493040000003,South Africa,1961,0,0.3557,0,0,0.0,2.079449304,1,0,0,no_crisis
770,56,ZAF,1.6809786359999999,South Africa,1962,0,0.3557,0,0,0.0,1.325278636,1,0,0,no_crisis
771,56,ZAF,1.3625225349999999,South Africa,1963,0,0.3573,0,0,0.0,1.005222535,1,0,0,no_crisis
772,56,ZAF,4.499537863,South Africa,1964,0,0.3576,0,0,0.0,4.141937863,1,0,0,no_crisis
773,56,ZAF,3.8465378439999998,South Africa,1965,0,0.3571,0,0,0.0,3.489437844,1,0,0,no_crisis
774,56,ZAF,3.995460819,South Africa,1966,0,0.3571,0,0,0.0,3.638360819,1,0,0,no_crisis
775,56,ZAF,2.860807653,South Africa,1967,0,0.7093,0,0,0.0,2.151507653,1,2,0,no_crisis
776,56,ZAF,3.757435464,South Africa,1968,0,0.7119,0,0,0.0,3.045535464,1,0,0,no_crisis
777,56,ZAF,4.527291596,South Africa,1969,0,0.7149,0,0,0.0,3.8123915960000003,1,0,0,no_crisis
778,56,ZAF,5.595626907,South Africa,1970,0,0.7131,0,0,0.0,4.882526907,1,0,0,no_crisis
779,56,ZAF,7.401448811,South Africa,1971,0,0.696,0,0,0.0,6.705448811,1,0,0,no_crisis
780,56,ZAF,9.170911328999999,South Africa,1972,0,0.7394,0,0,0.0,8.431511329,1,0,0,no_crisis
781,56,ZAF,11.435316010000001,South Africa,1973,0,0.6667,0,0,0.0,10.76861601,1,0,0,no_crisis
782,56,ZAF,14.48003876,South Africa,1974,0,0.6678,0,0,0.0,13.81223876,1,0,0,no_crisis
783,56,ZAF,11.92357466,South Africa,1975,0,0.6725,0,0,0.0,11.25107466,1,0,0,no_crisis
784,56,ZAF,12.18501632,South Africa,1976,0,0.8673,0,0,0.0,11.31771632,1,0,0,no_crisis
785,56,ZAF,11.07876965,South Africa,1977,0,0.8681,0,0,0.0,10.21066965,1,0,0,crisis
786,56,ZAF,13.10282663,South Africa,1978,0,0.8684,0,0,0.0,12.23442663,1,0,0,crisis
787,56,ZAF,14.71727442,South Africa,1979,0,0.8244,0,0,0.0,13.89287442,1,0,0,no_crisis
788,56,ZAF,14.981378652999998,South Africa,1980,0,0.745378653,0,0,0.0,14.235999999999999,1,0,0,no_crisis
789,56,ZAF,16.697571648,South Africa,1981,0,0.9565716479999999,0,0,0.0,15.741,1,1,0,no_crisis
790,56,ZAF,15.476310408,South Africa,1982,0,1.0763104079999999,0,0,0.0,14.4,1,0,0,no_crisis
791,56,ZAF,13.808896383,South Africa,1983,0,1.221896383,0,0,0.0,12.587,1,0,0,no_crisis
792,56,ZAF,13.164914649,South Africa,1984,0,1.984914649,0,0,0.0,11.18,1,1,0,no_crisis
793,56,ZAF,20.118544764,South Africa,1985,0,2.557544764,0,1,0.36,16.201,1,1,0,no_crisis
794,56,ZAF,22.293406114,South Africa,1986,0,2.183406114,0,1,0.36,18.75,1,0,0,no_crisis
795,56,ZAF,19.483943067000002,South Africa,1987,0,1.929943067,0,1,0.36,16.194000000000003,1,0,0,no_crisis
796,56,ZAF,15.269725468,South Africa,1988,0,2.377725468,0,0,0.0,12.892000000000001,1,1,0,no_crisis
797,56,ZAF,18.402011361,South Africa,1989,0,2.536011361,0,1,0.36,14.505999999999998,1,0,0,crisis
798,56,ZAF,16.848525625,South Africa,1990,0,2.562525625,0,0,0.0,14.286,1,0,0,no_crisis
799,56,ZAF,18.309032697,South Africa,1991,0,2.743032697,0,0,0.0,15.565999999999999,1,0,0,no_crisis
800,56,ZAF,16.726,South Africa,1992,0,3.053,0,0,0.0,13.673,1,0,0,no_crisis
801,56,ZAF,14.6315,South Africa,1993,0,3.3975,0,1,0.36,9.874,1,0,0,no_crisis
802,56,ZAF,12.3675,South Africa,1994,0,3.5435,0,0,0.0,8.824,1,0,0,no_crisis
803,56,ZAF,12.3565,South Africa,1995,0,3.6475,0,0,0.0,8.709,1,0,0,no_crisis
804,56,ZAF,12.002500000000001,South Africa,1996,0,4.6825,0,0,0.0,7.32,1,1,0,no_crisis
805,56,ZAF,13.490499999999999,South Africa,1997,0,4.8675,0,0,0.0,8.623,1,0,0,no_crisis
806,56,ZAF,12.732000000000001,South Africa,1998,0,5.86,0,0,0.0,6.872000000000001,1,1,0,no_crisis
807,56,ZAF,11.3655,South Africa,1999,0,6.1545,0,0,0.0,5.211,1,0,0,no_crisis
808,56,ZAF,12.942499999999999,South Africa,2000,0,7.5685,0,0,0.0,5.374,1,1,0,no_crisis
809,56,ZAF,17.8265,South Africa,2001,0,12.1265,0,0,0.0,5.7,1,1,0,no_crisis
810,56,ZAF,17.817,South Africa,2002,0,8.64,0,0,0.0,9.177,1,0,0,no_crisis
811,56,ZAF,12.446,South Africa,2003,0,6.64,0,0,0.0,5.806,1,0,0,no_crisis
812,56,ZAF,7.022,South Africa,2004,0,5.63,0,0,0.0,1.392,1,0,0,no_crisis
813,56,ZAF,9.718,South Africa,2005,0,6.325,0,0,0.0,3.3930000000000002,1,0,0,no_crisis
814,56,ZAF,11.658,South Africa,2006,0,6.97,0,0,0.0,4.688,1,0,0,no_crisis
815,56,ZAF,13.899999999999999,South Africa,2007,0,6.81,0,0,0.0,7.09,1,0,0,no_crisis
816,56,ZAF,20.841,South Africa,2008,0,9.305,0,0,0.0,11.536,1,1,0,no_crisis
817,56,ZAF,14.51,South Africa,2009,0,7.38,0,0,0.0,7.13,1,0,0,no_crisis
818,56,ZAF,10.8886,South Africa,2010,0,6.6316,0,0,0.0,4.257,1,0,0,no_crisis
819,56,ZAF,13.1429,South Africa,2011,0,8.1429,0,0,0.0,5.0,1,1,0,no_crisis
820,56,ZAF,14.15515,South Africa,2012,0,8.50115,0,0,0.0,5.654,1,0,0,no_crisis
821,56,ZAF,16.24185,South Africa,2013,0,10.48985,0,0,0.0,5.752000000000001,1,1,0,no_crisis
822,63,TUN,71.20200157,Tunisia,1940,0,49.18899999999999,0,0,0.0,22.01300157,0,0,1,no_crisis
823,63,TUN,69.51903197,Tunisia,1941,0,44.937,0,0,0.0,24.58203197,0,0,1,no_crisis
824,63,TUN,154.82731323000002,Tunisia,1942,0,129.83100000000002,0,0,0.0,24.99631323,0,0,1,no_crisis
825,63,TUN,122.10948561,Tunisia,1943,0,50.0,0,0,0.0,72.10948561,0,0,1,no_crisis
826,63,TUN,92.96810665999999,Tunisia,1944,0,55.355,0,0,0.0,37.61310666,0,1,1,no_crisis
827,63,TUN,68.96933126,Tunisia,1945,0,55.191,0,0,0.0,13.77833126,0,0,0,no_crisis
828,63,TUN,168.91253885999998,Tunisia,1946,0,119.3,0,0,0.0,49.61253886,0,1,1,no_crisis
829,63,TUN,186.39975712,Tunisia,1947,0,119.3,0,0,0.0,67.09975712,0,0,1,no_crisis
830,63,TUN,188.44172635,Tunisia,1948,0,119.3,0,0,0.0,69.14172635,0,0,1,no_crisis
831,63,TUN,218.496960191,Tunisia,1949,0,214.34,0,0,0.0,4.1569601910000005,0,1,0,no_crisis
832,63,TUN,353.002982107,Tunisia,1950,0,349.5,0,0,0.0,3.502982107,0,1,0,no_crisis
833,63,TUN,364.53591871,Tunisia,1951,0,349.5,0,0,0.0,15.03591871,0,0,0,no_crisis
834,63,TUN,356.506177993,Tunisia,1952,0,349.5,0,0,0.0,7.006177993,0,0,0,no_crisis
835,63,TUN,348.904706176,Tunisia,1953,0,349.5,0,0,0.0,-0.595293824,0,0,0,no_crisis
836,63,TUN,353.692011553,Tunisia,1954,0,349.5,0,0,0.0,4.192011553,0,0,0,no_crisis
837,63,TUN,349.5,Tunisia,1955,0,349.5,0,0,0.0,0.0,0,0,0,no_crisis
838,63,TUN,355.367532957,Tunisia,1956,0,349.5,0,1,0.06,4.807532957,1,0,0,no_crisis
839,63,TUN,355.504844321,Tunisia,1957,0,350.0,0,0,0.0,5.504844321,1,0,0,no_crisis
840,63,TUN,6.696641093,Tunisia,1958,0,0.4197,0,1,0.06,5.216941093,1,2,0,no_crisis
841,63,TUN,-7.844216667000001,Tunisia,1959,0,0.42,0,0,0.0,-8.264216667000001,1,0,0,no_crisis
842,63,TUN,2.221884462,Tunisia,1960,0,0.42,0,0,0.0,1.8018844619999999,1,0,0,no_crisis
843,63,TUN,-1.349991264,Tunisia,1961,0,0.42,0,0,0.0,-1.769991264,1,0,0,no_crisis
844,63,TUN,6.20395737,Tunisia,1962,0,0.42,0,0,0.0,5.78395737,1,0,0,no_crisis
845,63,TUN,2.450776621,Tunisia,1963,0,0.42,0,1,0.06,0.970776621,1,0,0,no_crisis
846,63,TUN,6.359573493999999,Tunisia,1964,0,0.42,0,0,0.0,5.939573493999999,1,0,0,no_crisis
847,63,TUN,6.069985502,Tunisia,1965,0,0.52,0,0,0.0,5.549985502,1,1,0,no_crisis
848,63,TUN,5.056102074,Tunisia,1966,0,0.52,0,0,0.0,4.5361020739999995,1,0,0,no_crisis
849,63,TUN,3.363700217,Tunisia,1967,0,0.52,0,0,0.0,2.843700217,1,0,0,no_crisis
850,63,TUN,3.018763969,Tunisia,1968,0,0.52,0,0,0.0,2.498763969,1,0,0,no_crisis
851,63,TUN,3.324694188,Tunisia,1969,0,0.52,0,0,0.0,2.804694188,1,0,0,no_crisis
852,63,TUN,2.082639485,Tunisia,1970,0,0.52,0,0,0.0,1.562639485,1,0,0,no_crisis
853,63,TUN,4.733194018000001,Tunisia,1971,0,0.48,0,0,0.0,4.253194018,1,0,0,no_crisis
854,63,TUN,3.190966924,Tunisia,1972,0,0.475,0,0,0.0,2.715966924,1,0,0,no_crisis
855,63,TUN,6.171375818,Tunisia,1973,0,0.3865,0,0,0.0,5.784875818,1,0,0,no_crisis
856,63,TUN,5.110641394,Tunisia,1974,0,0.425,0,0,0.0,4.685641394,1,1,0,no_crisis
857,63,TUN,10.52804308,Tunisia,1975,0,0.4712,0,0,0.0,10.05684308,1,0,0,no_crisis
858,63,TUN,3.851828476,Tunisia,1976,0,0.5587,0,0,0.0,3.293128476,1,0,0,no_crisis
859,63,TUN,8.62237405,Tunisia,1977,0,0.4275,0,0,0.0,8.19487405,1,0,0,no_crisis
860,63,TUN,5.09026082,Tunisia,1978,0,0.46,0,0,0.0,4.63026082,1,1,0,no_crisis
861,63,TUN,10.022119849,Tunisia,1979,0,0.405,0,1,0.06,8.557119849,1,0,0,no_crisis
862,63,TUN,11.489699999,Tunisia,1980,0,0.418699999,0,1,0.06,10.011000000000001,1,0,0,no_crisis
863,63,TUN,10.478649998999998,Tunisia,1981,0,0.515649999,0,1,0.06,8.902999999999999,1,0,0,no_crisis
864,63,TUN,15.348749999,Tunisia,1982,0,0.6157499989999999,0,1,0.06,13.673,1,0,0,no_crisis
865,63,TUN,9.699100000000001,Tunisia,1983,0,0.7271,0,0,0.0,8.972000000000001,1,0,0,no_crisis
866,63,TUN,9.4626,Tunisia,1984,0,0.8666,0,0,0.0,8.596,1,0,0,no_crisis
867,63,TUN,8.30795,Tunisia,1985,0,0.75695,0,0,0.0,7.551,1,0,0,no_crisis
868,63,TUN,6.9992,Tunisia,1986,0,0.8402,0,0,0.0,6.159,1,1,0,no_crisis
869,63,TUN,9.001850000000001,Tunisia,1987,0,0.77785,0,0,0.0,8.224,1,0,0,no_crisis
870,63,TUN,8.054450000000001,Tunisia,1988,0,0.89845,0,0,0.0,7.156000000000001,1,0,0,no_crisis
871,63,TUN,8.6266,Tunisia,1989,0,0.9046,0,0,0.0,7.722,1,0,0,no_crisis
872,63,TUN,7.338750000000001,Tunisia,1990,0,0.83675,0,0,0.0,6.502000000000001,1,0,0,no_crisis
873,63,TUN,9.5575,Tunisia,1991,1,0.8645,0,0,0.0,7.693,1,0,0,crisis
874,63,TUN,7.46865,Tunisia,1992,1,0.95065,0,0,0.0,5.518,1,0,0,crisis
875,63,TUN,6.0866,Tunisia,1993,1,1.0466,0,0,0.0,4.04,1,0,0,crisis
876,63,TUN,7.414199999999999,Tunisia,1994,1,0.9912,0,0,0.0,5.422999999999999,1,0,0,crisis
877,63,TUN,8.1828,Tunisia,1995,1,0.9508,0,0,0.0,6.232,1,0,0,crisis
878,63,TUN,4.7315000000000005,Tunisia,1996,0,0.9985,0,0,0.0,3.733,1,0,0,no_crisis
879,63,TUN,4.746499999999999,Tunisia,1997,0,1.1475,0,0,0.0,3.5989999999999998,1,0,0,no_crisis
880,63,TUN,4.202999999999999,Tunisia,1998,0,1.101,0,0,0.0,3.102,1,0,0,no_crisis
881,63,TUN,4.0205,Tunisia,1999,0,1.2525,0,0,0.0,2.7680000000000002,1,0,0,no_crisis
882,63,TUN,4.1553,Tunisia,2000,0,1.3853,0,0,0.0,2.77,1,0,0,no_crisis
883,63,TUN,3.4553,Tunisia,2001,0,1.4683,0,0,0.0,1.9869999999999999,1,0,0,no_crisis
884,63,TUN,4.040100000000001,Tunisia,2002,0,1.3341,0,0,0.0,2.7060000000000004,1,0,0,no_crisis
885,63,TUN,3.9322999999999997,Tunisia,2003,0,1.2083,0,0,0.0,2.7239999999999998,1,0,0,no_crisis
886,63,TUN,4.8204,Tunisia,2004,0,1.1994,0,0,0.0,3.6210000000000004,1,0,0,no_crisis
887,63,TUN,2.8074,Tunisia,2005,0,1.3634,0,0,0.0,1.444,1,0,0,no_crisis
888,63,TUN,5.440099999999999,Tunisia,2006,0,1.2971,0,0,0.0,4.143,1,0,0,no_crisis
889,63,TUN,4.6587,Tunisia,2007,0,1.2207,0,0,0.0,3.438,1,0,0,no_crisis
890,63,TUN,6.2229,Tunisia,2008,0,1.3099,0,0,0.0,4.913,1,0,0,no_crisis
891,63,TUN,4.8473,Tunisia,2009,0,1.3173,0,0,0.0,3.53,1,0,0,no_crisis
892,63,TUN,5.8469,Tunisia,2010,0,1.4379,0,0,0.0,4.409,1,0,0,no_crisis
893,63,TUN,5.0403,Tunisia,2011,0,1.4993,0,0,0.0,3.5410000000000004,1,0,0,no_crisis
894,63,TUN,6.6895999999999995,Tunisia,2012,0,1.5506,0,0,0.0,5.138999999999999,1,0,0,no_crisis
895,63,TUN,7.458095695999999,Tunisia,2013,0,1.6530956959999998,0,0,0.0,5.805,1,0,0,no_crisis
896,63,TUN,6.786411798,Tunisia,2014,0,1.8624117980000001,0,0,0.0,4.9239999999999995,1,0,0,no_crisis
897,69,ZMB,2.857640457,Zambia,1943,0,0.0004976,0,0,0.0,2.857142857,0,0,0,no_crisis
898,69,ZMB,2.778275378,Zambia,1944,0,0.0004976,0,0,0.0,2.777777778,0,0,0,no_crisis
899,69,ZMB,2.703199503,Zambia,1945,0,0.0004968,0,0,0.0,2.702702703,0,0,0,no_crisis
900,69,ZMB,7.895233642,Zambia,1946,0,0.0004968,0,0,0.0,7.894736842,0,0,0,no_crisis
901,69,ZMB,2.43952019,Zambia,1947,0,0.0004958,0,0,0.0,2.43902439,0,0,0,no_crisis
902,69,ZMB,4.7624007619999995,Zambia,1948,0,0.000496,0,0,0.0,4.7619047619999995,0,0,0,no_crisis
903,69,ZMB,2.273441473,Zambia,1949,0,0.0007142,0,0,0.0,2.272727273,0,0,0,no_crisis
904,69,ZMB,4.4451584440000005,Zambia,1950,0,0.000714,0,0,0.0,4.444444444,0,1,0,no_crisis
905,69,ZMB,6.383697723,Zambia,1951,0,0.000719,0,0,0.0,6.382978723,0,0,0,no_crisis
906,69,ZMB,4.0007118,Zambia,1952,0,0.0007118,0,0,0.0,4.0,0,0,0,no_crisis
907,69,ZMB,3.8468654460000002,Zambia,1953,0,0.0007116000000000001,0,0,0.0,3.8461538460000004,0,0,0,no_crisis
908,69,ZMB,3.7044217039999996,Zambia,1954,0,0.000718,0,0,0.0,3.7037037039999996,0,0,0,no_crisis
909,69,ZMB,3.5721421710000003,Zambia,1955,0,0.0007136,0,0,0.0,3.571428571,0,0,0,no_crisis
910,69,ZMB,3.1041662760000004,Zambia,1956,0,0.000718,0,0,0.0,3.1034482760000004,0,0,0,no_crisis
911,69,ZMB,3.177969525,Zambia,1957,0,0.000712,0,0,0.0,3.177257525,0,0,0,no_crisis
912,69,ZMB,1.13523568,Zambia,1958,0,0.0007138,0,0,0.0,1.13452188,0,0,0,no_crisis
913,69,ZMB,2.0840477330000002,Zambia,1959,0,0.0007144,0,0,0.0,2.083333333,0,0,0,no_crisis
914,69,ZMB,3.454402568,Zambia,1960,0,0.0007134,0,0,0.0,3.453689168,0,0,0,no_crisis
915,69,ZMB,0.152457268,Zambia,1961,0,0.0007122000000000001,0,0,0.0,0.151745068,0,0,0,no_crisis
916,69,ZMB,1.364349964,Zambia,1962,0,0.0007136,0,0,0.0,1.363636364,0,0,0,no_crisis
917,69,ZMB,-0.44771549299999996,Zambia,1963,0,0.000715,0,0,0.0,-0.448430493,0,0,0,no_crisis
918,69,ZMB,3.0037198030000005,Zambia,1964,0,0.0007168,0,0,0.0,3.0030030030000003,1,0,0,no_crisis
919,69,ZMB,8.163978905999999,Zambia,1965,0,0.0007136,0,0,0.0,8.163265306,1,0,0,no_crisis
920,69,ZMB,10.243304399999998,Zambia,1966,0,0.0007168,0,0,0.0,10.242587599999998,1,0,0,no_crisis
921,69,ZMB,5.012935338999999,Zambia,1967,0,0.0007104,0,0,0.0,5.012224938999999,1,0,0,no_crisis
922,69,ZMB,10.71084486,Zambia,1968,0,0.0007168,0,0,0.0,10.71012806,1,0,0,no_crisis
923,69,ZMB,2.524371906,Zambia,1969,0,0.0007126000000000001,0,0,0.0,2.523659306,1,0,0,no_crisis
924,69,ZMB,2.5648166640000003,Zambia,1970,0,0.0007141,0,0,0.0,2.564102564,1,0,0,no_crisis
925,69,ZMB,6.5224534300000006,Zambia,1971,0,0.0007143,0,0,0.0,6.52173913,1,0,0,no_crisis
926,69,ZMB,4.762619062,Zambia,1972,0,0.0007143,0,0,0.0,4.7619047619999995,1,0,0,no_crisis
927,69,ZMB,6.494149394,Zambia,1973,0,0.0006429,0,0,0.0,6.493506494,1,0,0,no_crisis
928,69,ZMB,7.9274721679999995,Zambia,1974,0,0.0006429,0,0,0.0,7.926829268,1,0,0,no_crisis
929,69,ZMB,10.170134430000001,Zambia,1975,0,0.0006429,0,0,0.0,10.16949153,1,0,0,no_crisis
930,69,ZMB,18.97515237,Zambia,1976,0,0.0007934,0,0,0.0,18.97435897,1,0,0,no_crisis
931,69,ZMB,19.82834511,Zambia,1977,0,0.0007589,0,0,0.0,19.82758621,1,1,0,no_crisis
932,69,ZMB,16.18783656,Zambia,1978,0,0.0007862,0,0,0.0,16.18705036,1,0,0,no_crisis
933,69,ZMB,9.59830072,Zambia,1979,0,0.0007775000000000001,0,0,0.0,9.59752322,1,0,0,no_crisis
934,69,ZMB,11.729803100000002,Zambia,1980,0,0.0008031000000000001,0,0,0.0,11.729000000000001,1,0,0,no_crisis
935,69,ZMB,13.99788,Zambia,1981,0,0.00088,0,0,0.0,13.997,1,0,0,no_crisis
936,69,ZMB,12.4959285,Zambia,1982,0,0.0009285,0,0,0.0,12.495,1,0,0,no_crisis
937,69,ZMB,20.693236,Zambia,1983,0,0.001236,0,1,0.0,19.692,1,1,0,no_crisis
938,69,ZMB,21.021105000000002,Zambia,1984,0,0.002105,0,1,0.0,20.019000000000002,1,1,1,no_crisis
939,69,ZMB,38.43563,Zambia,1985,0,0.00563,0,1,0.0,37.43,1,1,1,no_crisis
940,69,ZMB,55.814479999999996,Zambia,1986,0,0.014480000000000002,0,1,0.0,54.8,1,1,1,no_crisis
941,69,ZMB,48.0357,Zambia,1987,0,0.0077,0,1,0.0,47.028,1,0,1,no_crisis
942,69,ZMB,55.051500000000004,Zambia,1988,0,0.0095,0,1,0.0,54.042,1,1,1,no_crisis
943,69,ZMB,129.31240999999997,Zambia,1989,0,0.01841,0,1,0.0,128.29399999999998,1,1,1,no_crisis
944,69,ZMB,110.6039,Zambia,1990,0,0.0459,0,1,0.0,109.55799999999999,1,1,1,no_crisis
945,69,ZMB,98.78833,Zambia,1991,0,0.08732999999999999,0,1,0.0,97.70100000000001,1,1,1,no_crisis
946,69,ZMB,167.03996,Zambia,1992,0,0.31496,0,1,0.0,165.725,1,1,1,no_crisis
947,69,ZMB,184.824,Zambia,1993,0,0.561,0,1,0.0,183.263,1,1,1,no_crisis
948,69,ZMB,56.312999999999995,Zambia,1994,0,0.6990000000000001,0,1,0.0,54.614,1,1,1,no_crisis
949,69,ZMB,36.883,Zambia,1995,1,0.978,0,0,0.0,34.905,1,1,1,crisis
950,69,ZMB,45.382,Zambia,1996,1,1.287,0,0,0.0,43.095,1,1,1,crisis
951,69,ZMB,26.85,Zambia,1997,1,1.44,0,0,0.0,24.41,1,0,1,crisis
952,69,ZMB,27.881,Zambia,1998,1,2.425,0,0,0.0,24.456,1,1,1,crisis
953,69,ZMB,29.549999999999997,Zambia,1999,0,2.76,0,0,0.0,26.79,1,0,1,no_crisis
954,69,ZMB,30.55,Zambia,2000,0,4.45,0,0,0.0,26.1,1,1,1,no_crisis
955,69,ZMB,25.092,Zambia,2001,0,3.735,0,0,0.0,21.357,1,0,1,no_crisis
956,69,ZMB,26.739,Zambia,2002,0,4.5,0,0,0.0,22.239,1,0,1,no_crisis
957,69,ZMB,25.799999999999997,Zambia,2003,0,4.4,0,0,0.0,21.4,1,0,1,no_crisis
958,69,ZMB,22.569000000000003,Zambia,2004,0,4.6,0,0,0.0,17.969,1,0,0,no_crisis
959,69,ZMB,21.665,Zambia,2005,0,3.34,0,0,0.0,18.325,1,0,0,no_crisis
960,69,ZMB,13.43422,Zambia,2006,0,4.4172199999999995,0,0,0.0,9.017000000000001,1,0,0,no_crisis
961,69,ZMB,14.485,Zambia,2007,0,3.83,0,0,0.0,10.655,1,0,0,no_crisis
962,69,ZMB,17.281260000000003,Zambia,2008,0,4.83226,0,0,0.0,12.449000000000002,1,1,0,no_crisis
963,69,ZMB,18.023000000000003,Zambia,2009,0,4.631,0,0,0.0,13.392000000000001,1,0,0,no_crisis
964,69,ZMB,13.2899,Zambia,2010,0,4.7899,0,0,0.0,8.5,1,0,0,no_crisis
965,69,ZMB,13.77198,Zambia,2011,0,5.113980000000001,0,0,0.0,8.658,1,0,0,no_crisis
966,69,ZMB,11.721613300000001,Zambia,2012,0,5.1466133,0,0,0.0,6.575,1,0,0,no_crisis
967,69,ZMB,12.498,Zambia,2013,0,5.52,0,0,0.0,6.978,1,1,0,no_crisis
968,69,ZMB,14.1966,Zambia,2014,0,6.3856,0,0,0.0,7.811,1,0,0,no_crisis
969,70,ZWE,-17.24137931,Zimbabwe,1921,0,4.81e-27,0,0,0.0,-17.24137931,0,0,0,no_crisis
970,70,ZWE,-13.88888889,Zimbabwe,1922,0,4.34e-27,0,0,0.0,-13.88888889,0,0,0,no_crisis
971,70,ZWE,-4.032258065,Zimbabwe,1923,0,4.589999999999999e-27,0,0,0.0,-4.032258065,0,0,0,no_crisis
972,70,ZWE,0.847457627,Zimbabwe,1927,0,4.1e-27,0,0,0.0,0.847457627,0,0,0,no_crisis
973,70,ZWE,0.8403361340000001,Zimbabwe,1928,0,4.1200000000000004e-27,0,0,0.0,0.8403361340000001,0,0,0,no_crisis
974,70,ZWE,4.1e-27,Zimbabwe,1929,0,4.1e-27,0,0,0.0,0.0,0,0,0,no_crisis
975,70,ZWE,-5.0,Zimbabwe,1930,0,4.1200000000000004e-27,0,0,0.0,-5.0,0,0,0,no_crisis
976,70,ZWE,-7.01754386,Zimbabwe,1931,0,5.929999999999999e-27,0,0,0.0,-7.01754386,0,0,0,no_crisis
977,70,ZWE,-3.7735849060000004,Zimbabwe,1932,0,6.100000000000001e-27,0,0,0.0,-3.7735849060000004,0,0,0,no_crisis
978,70,ZWE,-2.9411764710000003,Zimbabwe,1933,0,3.910000000000001e-27,0,0,0.0,-2.9411764710000003,0,0,0,no_crisis
979,70,ZWE,-1.01010101,Zimbabwe,1934,0,4.0400000000000005e-27,0,0,0.0,-1.01010101,0,0,0,no_crisis
980,70,ZWE,4.06e-27,Zimbabwe,1935,0,4.06e-27,0,0,0.0,0.0,0,0,0,no_crisis
981,70,ZWE,-1.020408163,Zimbabwe,1936,0,4.08e-27,0,0,0.0,-1.020408163,0,0,0,no_crisis
982,70,ZWE,6.18556701,Zimbabwe,1937,0,4e-27,0,0,0.0,6.18556701,0,0,0,no_crisis
983,70,ZWE,-2.9126213589999996,Zimbabwe,1938,0,4.2799999999999995e-27,0,0,0.0,-2.9126213589999996,0,0,0,no_crisis
984,70,ZWE,0.906344411,Zimbabwe,1939,0,5.09e-27,0,0,0.0,0.906344411,0,0,0,no_crisis
985,70,ZWE,2.9940119760000004,Zimbabwe,1940,0,4.96e-27,0,0,0.0,2.9940119760000004,0,0,0,no_crisis
986,70,ZWE,3.7790697669999997,Zimbabwe,1941,0,4.96e-27,0,0,0.0,3.7790697669999997,0,0,0,no_crisis
987,70,ZWE,5.6022408960000005,Zimbabwe,1942,0,4.96e-27,0,0,0.0,5.6022408960000005,0,0,0,no_crisis
988,70,ZWE,6.100795756,Zimbabwe,1943,0,4.96e-27,0,0,0.0,6.100795756,0,0,0,no_crisis
989,70,ZWE,3.0,Zimbabwe,1944,0,4.96e-27,0,0,0.0,3.0,0,0,0,no_crisis
990,70,ZWE,2.669902913,Zimbabwe,1945,0,4.96e-27,0,0,0.0,2.669902913,0,0,0,no_crisis
991,70,ZWE,5.200945626,Zimbabwe,1946,0,4.96e-27,0,0,0.0,5.200945626,0,0,0,no_crisis
992,70,ZWE,2.921348315,Zimbabwe,1947,0,4.96e-27,0,0,0.0,2.921348315,0,0,0,no_crisis
993,70,ZWE,9.388646288,Zimbabwe,1948,0,4.96e-27,0,0,0.0,9.388646288,0,0,0,no_crisis
994,70,ZWE,3.79241517,Zimbabwe,1949,0,7.140000000000001e-27,0,0,0.0,3.79241517,0,0,0,no_crisis
995,70,ZWE,7.692307692000001,Zimbabwe,1950,0,7.140000000000001e-27,0,0,0.0,7.692307692000001,0,0,0,no_crisis
996,70,ZWE,6.964285714,Zimbabwe,1951,0,7.140000000000001e-27,0,0,0.0,6.964285714,0,0,0,no_crisis
997,70,ZWE,8.180300501,Zimbabwe,1952,0,7.140000000000001e-27,0,0,0.0,8.180300501,0,0,0,no_crisis
998,70,ZWE,2.777777778,Zimbabwe,1953,0,7.140000000000001e-27,0,0,0.0,2.777777778,0,0,0,no_crisis
999,70,ZWE,7.140000000000001e-27,Zimbabwe,1954,0,7.140000000000001e-27,0,0,0.0,0.0,0,0,0,no_crisis
1000,70,ZWE,1.651651652,Zimbabwe,1955,0,7.140000000000001e-27,0,0,0.0,1.651651652,0,0,0,no_crisis
1001,70,ZWE,4.4313146230000005,Zimbabwe,1956,0,7.18e-27,0,0,0.0,4.4313146230000005,0,0,0,no_crisis
1002,70,ZWE,2.97029703,Zimbabwe,1957,0,7.1e-27,0,0,0.0,2.97029703,0,0,0,no_crisis
1003,70,ZWE,3.571428571,Zimbabwe,1958,0,7.1e-27,0,0,0.0,3.571428571,0,0,0,no_crisis
1004,70,ZWE,2.652519894,Zimbabwe,1959,0,7.12e-27,0,0,0.0,2.652519894,0,0,0,no_crisis
1005,70,ZWE,2.4547803619999997,Zimbabwe,1960,0,7.15e-27,0,0,0.0,2.4547803619999997,0,0,0,no_crisis
1006,70,ZWE,2.90037831,Zimbabwe,1961,0,7.109999999999999e-27,0,0,0.0,2.90037831,0,0,0,no_crisis
1007,70,ZWE,2.083333333,Zimbabwe,1962,0,7.140000000000001e-27,0,0,0.0,2.083333333,0,0,0,no_crisis
1008,70,ZWE,1.080432173,Zimbabwe,1963,0,7.140000000000001e-27,0,0,0.0,1.080432173,0,0,0,no_crisis
1009,70,ZWE,2.500022554,Zimbabwe,1964,0,7.140000000000001e-27,0,0,0.0,2.500022554,0,0,0,no_crisis
1010,70,ZWE,4.500003432,Zimbabwe,1965,0,7.140000000000001e-27,1,1,0.0,2.5000034319999997,1,0,0,no_crisis
1011,70,ZWE,5.121953195,Zimbabwe,1966,0,7.140000000000001e-27,1,1,0.0,3.121953195,1,0,0,no_crisis
1012,70,ZWE,4.3651799669999996,Zimbabwe,1967,0,7.140000000000001e-27,1,1,0.0,2.365179967,1,0,0,no_crisis
1013,70,ZWE,3.38631904,Zimbabwe,1968,0,7.140000000000001e-27,1,1,0.0,1.38631904,1,0,0,no_crisis
1014,70,ZWE,2.364644862,Zimbabwe,1969,0,7.140000000000001e-27,1,1,0.0,0.364644862,1,0,0,no_crisis
1015,70,ZWE,4.0889911859999994,Zimbabwe,1970,0,7.159999999999999e-27,1,1,0.0,2.088991186,1,0,0,no_crisis
1016,70,ZWE,5.0248840470000005,Zimbabwe,1971,0,6.71e-27,1,1,0.0,3.024884047,1,0,0,no_crisis
1017,70,ZWE,4.84975748,Zimbabwe,1972,0,6.520000000000001e-27,1,1,0.0,2.84975748,1,0,0,no_crisis
1018,70,ZWE,5.106641376000001,Zimbabwe,1973,0,6.06e-27,1,1,0.0,3.1066413760000002,1,0,0,no_crisis
1019,70,ZWE,8.596092646,Zimbabwe,1974,0,5.49e-27,1,1,0.0,6.596092646000001,1,0,0,no_crisis
1020,70,ZWE,12.00764002,Zimbabwe,1975,0,6.25e-27,1,1,0.0,10.00764002,1,0,0,no_crisis
1021,70,ZWE,13.0416805,Zimbabwe,1976,0,6.19e-27,1,1,0.0,11.0416805,1,0,0,no_crisis
1022,70,ZWE,12.25640067,Zimbabwe,1977,0,6.470000000000001e-27,1,1,0.0,10.25640067,1,1,0,no_crisis
1023,70,ZWE,10.229915112,Zimbabwe,1978,0,6.75e-27,1,1,0.0,8.229915112,1,0,0,no_crisis
1024,70,ZWE,14.55279758,Zimbabwe,1979,0,6.740000000000001e-27,1,1,0.0,12.55279758,1,0,0,no_crisis
1025,70,ZWE,9.2,Zimbabwe,1980,0,6.31e-27,1,1,0.0,7.2,1,0,0,no_crisis
1026,70,ZWE,13.2,Zimbabwe,1981,0,7.23e-27,0,0,0.0,13.2,1,0,0,no_crisis
1027,70,ZWE,10.4,Zimbabwe,1982,0,7.390000000000002e-27,0,0,0.0,10.4,1,1,0,no_crisis
1028,70,ZWE,23.2,Zimbabwe,1983,0,1.11e-26,0,0,0.0,23.2,1,1,1,no_crisis
1029,70,ZWE,20.3,Zimbabwe,1984,0,1.4500000000000002e-26,0,0,0.0,20.3,1,1,1,no_crisis
1030,70,ZWE,8.3,Zimbabwe,1985,0,1.6299999999999997e-26,0,0,0.0,8.3,1,0,0,no_crisis
1031,70,ZWE,14.5,Zimbabwe,1986,0,1.6799999999999998e-26,0,0,0.0,14.5,1,0,0,no_crisis
1032,70,ZWE,12.5,Zimbabwe,1987,0,1.6e-26,0,0,0.0,12.5,1,0,0,no_crisis
1033,70,ZWE,7.4,Zimbabwe,1988,0,1.93e-26,0,0,0.0,7.4,1,1,0,no_crisis
1034,70,ZWE,12.8,Zimbabwe,1989,0,2.22e-26,0,0,0.0,12.8,1,1,0,no_crisis
1035,70,ZWE,17.4,Zimbabwe,1990,0,2.61e-26,0,0,0.0,17.4,1,1,0,no_crisis
1036,70,ZWE,24.0,Zimbabwe,1991,0,5.04e-26,0,0,0.0,24.0,1,1,1,no_crisis
1037,70,ZWE,41.6,Zimbabwe,1992,0,5.37e-26,0,0,0.0,41.6,1,0,1,no_crisis
1038,70,ZWE,28.2,Zimbabwe,1993,0,6.809999999999999e-26,0,0,0.0,28.2,1,1,1,no_crisis
1039,70,ZWE,21.11354311,Zimbabwe,1994,0,8.38e-26,0,0,0.0,21.11354311,1,1,1,no_crisis
1040,70,ZWE,26.80873955,Zimbabwe,1995,1,9.31e-26,0,0,0.0,25.80873955,1,0,1,crisis
1041,70,ZWE,17.40028408,Zimbabwe,1996,1,1.0800000000000002e-25,0,0,0.0,16.40028408,1,1,0,crisis
1042,70,ZWE,21.0650384,Zimbabwe,1997,1,1.8299999999999999e-25,0,0,0.0,20.0650384,1,1,1,crisis
1043,70,ZWE,47.61127497,Zimbabwe,1998,1,3.7099999999999996e-25,0,0,0.0,46.61127497,1,1,1,crisis
1044,70,ZWE,57.92320336,Zimbabwe,1999,1,3.7200000000000005e-25,0,0,0.0,56.92320336,1,0,1,crisis
1045,70,ZWE,58.20369616,Zimbabwe,2000,1,5.5e-25,1,1,0.0,55.20369616,1,1,1,crisis
1046,70,ZWE,115.1184112,Zimbabwe,2001,1,5.51e-25,1,1,0.0,112.1184112,1,0,1,crisis
1047,70,ZWE,201.928606,Zimbabwe,2002,1,5.5e-25,1,1,0.0,198.928606,1,0,1,crisis
1048,70,ZWE,601.7447505,Zimbabwe,2003,1,7.95e-24,1,1,0.0,598.7447505,1,1,1,crisis
1049,70,ZWE,135.7467739,Zimbabwe,2004,1,5.600000000000001e-23,1,1,0.0,132.7467739,1,1,1,crisis
1050,70,ZWE,588.8443656000001,Zimbabwe,2005,1,8.46e-22,1,1,0.0,585.8443656000001,1,1,1,crisis
1051,70,ZWE,1284.113605,Zimbabwe,2006,1,3e-19,1,1,0.0,1281.113605,1,1,1,crisis
1052,70,ZWE,66282.89237,Zimbabwe,2007,1,1.8999999999999998e-16,1,1,0.0,66279.89237,1,1,1,crisis
1053,70,ZWE,21989698.222,Zimbabwe,2008,1,0.002,1,1,0.0,21989695.22,1,1,1,crisis
1054,70,ZWE,350.13,Zimbabwe,2009,1,354.8,1,1,0.0,-7.67,1,1,0,crisis
1055,70,ZWE,383.417,Zimbabwe,2010,0,378.2,1,1,0.0,3.217,1,0,0,no_crisis
1056,70,ZWE,368.82,Zimbabwe,2011,0,361.9,1,1,0.0,4.92,1,0,0,no_crisis
1057,70,ZWE,367.62,Zimbabwe,2012,0,361.9,1,1,0.0,3.72,1,0,0,no_crisis
1058,70,ZWE,365.532,Zimbabwe,2013,0,361.9,1,1,0.0,1.632,1,0,0,no_crisis
